County,Date,actual,lag_12_baseline,random_forest,baseline_absolute_error,ml_absolute_error,ml_error_reduction,absolute_yoy_change_pct,Month,Market_Segment
Adams,2025-08-01,6.0,7.0,8.28747313194727,1.0,2.2874731319472694,-1.2874731319472694,12.5,8,Emerging
Adams,2025-09-01,12.0,7.0,8.119407989855867,5.0,3.8805920101441327,1.1194079898558673,62.5,9,Emerging
Adams,2025-10-01,5.0,8.0,8.120207652407977,3.0,3.120207652407977,-0.12020765240797715,33.33333333333333,10,Emerging
Adams,2025-11-01,12.0,8.0,8.382607810035172,4.0,3.6173921899648285,0.3826078100351715,44.44444444444444,11,Emerging
Adams,2025-12-01,8.0,6.0,8.409252111365523,2.0,0.4092521113655234,1.5907478886344766,28.57142857142857,12,Emerging
Adams,2026-01-01,8.0,6.0,7.097849140217609,2.0,0.9021508597823908,1.0978491402176092,28.57142857142857,1,Emerging
Adams,2026-02-01,13.0,6.0,7.231550080277445,7.0,5.768449919722555,1.2315500802774446,100.0,2,Emerging
Adams,2026-03-01,15.0,11.0,12.105256642159564,4.0,2.8947433578404365,1.1052566421595635,33.33333333333333,3,Emerging
Adams,2026-04-01,13.0,6.0,10.966826871390058,7.0,2.033173128609942,4.966826871390058,100.0,4,Emerging
Adams,2026-05-01,11.0,6.0,11.27183745047381,5.0,0.2718374504738108,4.728162549526189,71.42857142857143,5,Emerging
Adams,2026-06-01,9.0,12.0,12.05283264563737,3.0,3.05283264563737,-0.05283264563736978,23.076923076923077,6,Emerging
Adams,2026-07-01,13.0,8.0,12.669156456024675,5.0,0.330843543975325,4.669156456024675,55.55555555555556,7,Emerging
Asotin,2025-08-01,4.0,2.0,5.779786010521613,2.0,1.7797860105216126,0.22021398947838744,66.66666666666666,8,Growth
Asotin,2025-09-01,13.0,14.0,8.937339290715313,1.0,4.062660709284687,-3.062660709284687,6.666666666666667,9,Growth
Asotin,2025-10-01,6.0,5.0,8.100273877931611,1.0,2.1002738779316115,-1.1002738779316115,16.666666666666664,10,Growth
Asotin,2025-11-01,9.0,3.0,6.023151526653843,6.0,2.9768484733461573,3.0231515266538427,150.0,11,Growth
Asotin,2025-12-01,7.0,3.0,6.309778223894954,4.0,0.6902217761050462,3.309778223894954,100.0,12,Growth
Asotin,2026-01-01,7.0,8.0,7.094420868926883,1.0,0.09442086892688284,0.9055791310731172,11.11111111111111,1,Growth
Asotin,2026-02-01,0.0,8.0,7.923508397619943,8.0,7.923508397619943,0.07649160238005681,88.88888888888889,2,Growth
Asotin,2026-03-01,8.0,6.0,7.808205607865896,2.0,0.19179439213410365,1.8082056078658963,28.57142857142857,3,Growth
Asotin,2026-04-01,6.0,4.0,7.372512502787596,2.0,1.372512502787596,0.627487497212404,40.0,4,Growth
Asotin,2026-05-01,6.0,9.0,8.88176475284736,3.0,2.88176475284736,0.11823524715264,30.0,5,Growth
Asotin,2026-06-01,12.0,7.0,8.203192523534256,5.0,3.7968074764657445,1.2031925235342555,62.5,6,Growth
Asotin,2026-07-01,9.0,6.0,8.581293770970072,3.0,0.4187062290299277,2.5812937709700723,42.857142857142854,7,Growth
Benton,2025-08-01,290.0,215.0,299.32913006820735,75.0,9.329130068207348,65.67086993179265,34.72222222222222,8,Established
Benton,2025-09-01,308.0,244.0,313.3319064758053,64.0,5.331906475805283,58.66809352419472,26.122448979591837,9,Established
Benton,2025-10-01,286.0,216.0,312.74196178232285,70.0,26.741961782322846,43.258038217677154,32.25806451612903,10,Established
Benton,2025-11-01,256.0,194.0,294.31556635534855,62.0,38.31556635534855,23.68443364465145,31.794871794871792,11,Established
Benton,2025-12-01,263.0,222.0,304.5009126036233,41.0,41.500912603623306,-0.5009126036233056,18.385650224215247,12,Established
Benton,2026-01-01,253.0,202.0,300.50110791192935,51.0,47.50110791192935,3.4988920880706473,25.12315270935961,1,Established
Benton,2026-02-01,259.0,183.0,288.3328688997878,76.0,29.332868899787798,46.6671311002122,41.30434782608695,2,Established
Benton,2026-03-01,327.0,261.0,315.23418774672336,66.0,11.765812253276636,54.234187746723364,25.190839694656486,3,Established
Benton,2026-04-01,353.0,258.0,325.34972181068485,95.0,27.650278189315145,67.34972181068485,36.67953667953668,4,Established
Benton,2026-05-01,308.0,237.0,334.1083518584041,71.0,26.10835185840409,44.89164814159591,29.831932773109244,5,Established
Benton,2026-06-01,342.0,271.0,348.0828956432955,71.0,6.082895643295501,64.9171043567045,26.10294117647059,6,Established
Benton,2026-07-01,377.0,293.0,361.1373988377718,84.0,15.862601162228202,68.1373988377718,28.57142857142857,7,Established
Chelan,2025-08-01,127.0,103.0,146.70643197173877,24.0,19.706431971738766,4.293568028261234,23.076923076923077,8,Established
Chelan,2025-09-01,132.0,132.0,157.0552249285402,0.0,25.055224928540213,-25.055224928540213,0.0,9,Established
Chelan,2025-10-01,160.0,113.0,147.0337960443389,47.0,12.966203955661086,34.033796044338914,41.228070175438596,10,Established
Chelan,2025-11-01,105.0,102.0,139.82179326824055,3.0,34.821793268240555,-31.821793268240555,2.912621359223301,11,Established
Chelan,2025-12-01,120.0,114.0,139.69255741565107,6.0,19.692557415651066,-13.692557415651066,5.217391304347826,12,Established
Chelan,2026-01-01,149.0,124.0,144.11488211213538,25.0,4.885117887864624,20.114882112135376,20.0,1,Established
Chelan,2026-02-01,123.0,94.0,140.79002061522448,29.0,17.790020615224478,11.209979384775522,30.526315789473685,2,Established
Chelan,2026-03-01,153.0,118.0,149.31778536544198,35.0,3.6822146345580222,31.317785365441978,29.411764705882355,3,Established
Chelan,2026-04-01,185.0,149.0,172.2648466814632,36.0,12.735153318536788,23.26484668146321,24.0,4,Established
Chelan,2026-05-01,153.0,131.0,171.1725117309454,22.0,18.172511730945388,3.827488269054612,16.666666666666664,5,Established
Chelan,2026-06-01,188.0,127.0,166.38042242974598,61.0,21.619577570254023,39.38042242974598,47.65625,6,Established
Chelan,2026-07-01,171.0,147.0,185.61234462303835,24.0,14.612344623038354,9.387655376961646,16.216216216216218,7,Established
Clallam,2025-08-01,112.0,106.0,115.35250738143321,6.0,3.352507381433213,2.647492618566787,5.607476635514018,8,Growth
Clallam,2025-09-01,139.0,101.0,128.1209327006819,38.0,10.879067299318109,27.12093270068189,37.254901960784316,9,Growth
Clallam,2025-10-01,117.0,107.0,136.139948003779,10.0,19.13994800377901,-9.139948003779011,9.25925925925926,10,Growth
Clallam,2025-11-01,81.0,75.0,113.63852421893976,6.0,32.638524218939764,-26.638524218939764,7.894736842105263,11,Growth
Clallam,2025-12-01,97.0,96.0,121.24190771294872,1.0,24.241907712948716,-23.241907712948716,1.0309278350515463,12,Growth
Clallam,2026-01-01,100.0,104.0,114.45281049575142,4.0,14.452810495751422,-10.452810495751422,3.8095238095238098,1,Growth
Clallam,2026-02-01,100.0,71.0,102.13274879717926,29.0,2.1327487971792607,26.86725120282074,40.27777777777778,2,Growth
Clallam,2026-03-01,158.0,125.0,125.22691162964104,33.0,32.77308837035896,0.2269116296410374,26.190476190476193,3,Growth
Clallam,2026-04-01,133.0,96.0,135.7469338986782,37.0,2.7469338986782077,34.25306610132179,38.144329896907216,4,Growth
Clallam,2026-05-01,124.0,94.0,133.03388131979682,30.0,9.03388131979682,20.96611868020318,31.57894736842105,5,Growth
Clallam,2026-06-01,143.0,103.0,138.41023866936945,40.0,4.589761330630552,35.41023866936945,38.46153846153847,6,Growth
Clallam,2026-07-01,132.0,114.0,142.16117289291833,18.0,10.16117289291833,7.83882710708167,15.65217391304348,7,Growth
Clark,2025-08-01,1231.0,1081.0,1317.8641443214774,150.0,86.8641443214774,63.1358556785226,13.863216266173753,8,Established
Clark,2025-09-01,1355.0,1035.0,1395.4743295473006,320.0,40.47432954730061,279.5256704526994,30.888030888030887,9,Established
Clark,2025-10-01,1292.0,1061.0,1434.265024665219,231.0,142.26502466521902,88.73497533478098,21.75141242937853,10,Established
Clark,2025-11-01,971.0,953.0,1462.4090087281234,18.0,491.40900872812335,-473.40900872812335,1.8867924528301887,11,Established
Clark,2025-12-01,1181.0,998.0,1346.5366919166531,183.0,165.53669191665313,17.463308083346874,18.31831831831832,12,Established
Clark,2026-01-01,1129.0,1065.0,1178.5754571688822,64.0,49.57545716888217,14.424542831117833,6.0037523452157595,1,Established
Clark,2026-02-01,1084.0,813.0,1112.5360896480122,271.0,28.536089648012194,242.4639103519878,33.29238329238329,2,Established
Clark,2026-03-01,1300.0,1078.0,1176.6771886000556,222.0,123.32281139994438,98.67718860005562,20.574606116774792,3,Established
Clark,2026-04-01,1342.0,1100.0,1267.633450028598,242.0,74.36654997140204,167.63345002859796,21.98001816530427,4,Established
Clark,2026-05-01,1316.0,1079.0,1479.3218882669562,237.0,163.3218882669562,73.6781117330438,21.944444444444443,5,Established
Clark,2026-06-01,1477.0,1133.0,1507.1989410504464,344.0,30.198941050446365,313.80105894955364,30.335097001763668,6,Established
Clark,2026-07-01,1497.0,1307.0,1584.113613565835,190.0,87.11361356583507,102.88638643416493,14.525993883792049,7,Established
Columbia,2025-08-01,2.0,3.0,1.801760574127054,1.0,0.19823942587294607,0.8017605741270539,25.0,8,Emerging
Columbia,2025-09-01,1.0,3.0,2.131877998788503,2.0,1.1318779987885028,0.8681220012114972,50.0,9,Emerging
Columbia,2025-10-01,5.0,3.0,2.3682123269682194,2.0,2.6317876730317806,-0.6317876730317806,50.0,10,Emerging
Columbia,2025-11-01,1.0,0.0,1.5949564972353667,1.0,0.5949564972353667,0.4050435027646333,100.0,11,Emerging
Columbia,2025-12-01,1.0,1.0,1.3238246057699683,0.0,0.3238246057699683,-0.3238246057699683,0.0,12,Emerging
Columbia,2026-01-01,0.0,1.0,1.5968415339702942,1.0,1.5968415339702942,-0.5968415339702942,50.0,1,Emerging
Columbia,2026-02-01,1.0,1.0,1.202191561610891,0.0,0.2021915616108909,-0.2021915616108909,0.0,2,Emerging
Columbia,2026-03-01,2.0,1.0,1.548741612998767,1.0,0.451258387001233,0.548741612998767,50.0,3,Emerging
Columbia,2026-04-01,1.0,1.0,1.9388218621949425,0.0,0.9388218621949425,-0.9388218621949425,0.0,4,Emerging
Columbia,2026-05-01,3.0,5.0,3.3706381543130814,2.0,0.37063815431308145,1.6293618456869186,33.33333333333333,5,Emerging
Columbia,2026-06-01,2.0,2.0,2.933640193499854,0.0,0.9336401934998539,-0.9336401934998539,0.0,6,Emerging
Columbia,2026-07-01,2.0,1.0,2.2811528101134644,1.0,0.2811528101134644,0.7188471898865356,50.0,7,Emerging
Cowlitz,2025-08-01,110.0,76.0,106.5542139344271,34.0,3.4457860655729036,30.554213934427096,44.15584415584416,8,Established
Cowlitz,2025-09-01,102.0,85.0,114.3502059725387,17.0,12.350205972538703,4.649794027461297,19.767441860465116,9,Established
Cowlitz,2025-10-01,122.0,91.0,108.56668705377393,31.0,13.433312946226067,17.566687053773933,33.69565217391305,10,Established
Cowlitz,2025-11-01,79.0,75.0,103.99588428740441,4.0,24.995884287404408,-20.995884287404408,5.263157894736842,11,Established
Cowlitz,2025-12-01,102.0,81.0,101.45374350326048,21.0,0.5462564967395167,20.453743503260483,25.609756097560975,12,Established
Cowlitz,2026-01-01,113.0,88.0,103.86020861021116,25.0,9.13979138978884,15.86020861021116,28.08988764044944,1,Established
Cowlitz,2026-02-01,77.0,69.0,100.98570311262635,8.0,23.985703112626354,-15.985703112626354,11.428571428571429,2,Established
Cowlitz,2026-03-01,134.0,98.0,116.01580060050345,36.0,17.984199399496546,18.015800600503454,36.36363636363637,3,Established
Cowlitz,2026-04-01,147.0,87.0,117.37958689148061,60.0,29.620413108519386,30.379586891480614,68.18181818181817,4,Established
Cowlitz,2026-05-01,121.0,95.0,124.56729379970298,26.0,3.5672937997029806,22.43270620029702,27.083333333333332,5,Established
Cowlitz,2026-06-01,144.0,112.0,138.3519490711926,32.0,5.6480509288074074,26.351949071192593,28.31858407079646,6,Established
Cowlitz,2026-07-01,138.0,113.0,139.8804522632861,25.0,1.880452263286088,23.119547736713912,21.929824561403507,7,Established
Douglas,2025-08-01,42.0,33.0,52.44352529899776,9.0,10.443525298997763,-1.4435252989977627,26.47058823529412,8,Growth
Douglas,2025-09-01,48.0,42.0,58.19842238086153,6.0,10.19842238086153,-4.19842238086153,13.953488372093023,9,Growth
Douglas,2025-10-01,56.0,43.0,57.06819522100569,13.0,1.0681952210056878,11.931804778994312,29.545454545454547,10,Growth
Douglas,2025-11-01,52.0,51.0,55.861274648633945,1.0,3.8612746486339447,-2.8612746486339447,1.9230769230769231,11,Growth
Douglas,2025-12-01,30.0,40.0,54.75104885298241,10.0,24.751048852982407,-14.751048852982407,24.390243902439025,12,Growth
Douglas,2026-01-01,49.0,42.0,51.87514329040862,7.0,2.875143290408623,4.124856709591377,16.27906976744186,1,Growth
Douglas,2026-02-01,38.0,45.0,53.56415087063548,7.0,15.56415087063548,-8.56415087063548,15.217391304347828,2,Growth
Douglas,2026-03-01,40.0,34.0,48.614397656893196,6.0,8.614397656893196,-2.614397656893196,17.142857142857142,3,Growth
Douglas,2026-04-01,65.0,46.0,57.295891817078655,19.0,7.704108182921345,11.295891817078655,40.42553191489361,4,Growth
Douglas,2026-05-01,52.0,49.0,58.39070343590556,3.0,6.390703435905557,-3.3907034359055572,6.0,5,Growth
Douglas,2026-06-01,68.0,36.0,58.624506911532414,32.0,9.375493088467586,22.624506911532414,86.48648648648648,6,Growth
Douglas,2026-07-01,57.0,60.0,64.46322174821049,3.0,7.463221748210486,-4.463221748210486,4.918032786885246,7,Growth
Ferry,2025-08-01,2.0,2.0,3.389677476398044,0.0,1.389677476398044,-1.389677476398044,0.0,8,Emerging
Ferry,2025-09-01,4.0,2.0,3.4064740358177557,2.0,0.5935259641822443,1.4064740358177557,66.66666666666666,9,Emerging
Ferry,2025-10-01,3.0,3.0,4.97964209153534,0.0,1.9796420915353403,-1.9796420915353403,0.0,10,Emerging
Ferry,2025-11-01,7.0,5.0,5.415577114491268,2.0,1.5844228855087321,0.4155771144912679,33.33333333333333,11,Emerging
Ferry,2025-12-01,3.0,3.0,4.131824232599135,0.0,1.1318242325991346,-1.1318242325991346,0.0,12,Emerging
Ferry,2026-01-01,2.0,1.0,4.080028047137983,1.0,2.080028047137983,-1.0800280471379828,50.0,1,Emerging
Ferry,2026-02-01,4.0,6.0,5.120031067933914,2.0,1.1200310679339136,0.8799689320660864,28.57142857142857,2,Emerging
Ferry,2026-03-01,6.0,2.0,5.558413573849271,4.0,0.44158642615072896,3.558413573849271,133.33333333333331,3,Emerging
Ferry,2026-04-01,7.0,7.0,5.838090329951597,0.0,1.161909670048403,-1.161909670048403,0.0,4,Emerging
Ferry,2026-05-01,4.0,4.0,5.729428773957371,0.0,1.7294287739573706,-1.7294287739573706,0.0,5,Emerging
Ferry,2026-06-01,6.0,4.0,5.195024447909858,2.0,0.8049755520901423,1.1950244479098577,40.0,6,Emerging
Ferry,2026-07-01,5.0,2.0,4.865622872814954,3.0,0.13437712718504624,2.8656228728149538,100.0,7,Emerging
Franklin,2025-08-01,105.0,67.0,91.24943473173789,38.0,13.750565268262108,24.249434731737892,55.88235294117647,8,Established
Franklin,2025-09-01,93.0,68.0,96.15179026194316,25.0,3.1517902619431624,21.848209738056838,36.231884057971016,9,Established
Franklin,2025-10-01,98.0,66.0,96.88833728912057,32.0,1.111662710879429,30.88833728912057,47.76119402985074,10,Established
Franklin,2025-11-01,67.0,51.0,87.38450138186445,16.0,20.384501381864453,-4.384501381864453,30.76923076923077,11,Established
Franklin,2025-12-01,71.0,59.0,85.55721439679559,12.0,14.557214396795587,-2.5572143967955867,20.0,12,Established
Franklin,2026-01-01,94.0,69.0,87.504461551195,25.0,6.495538448804993,18.504461551195007,35.714285714285715,1,Established
Franklin,2026-02-01,74.0,68.0,83.17235970404164,6.0,9.17235970404164,-3.1723597040416394,8.695652173913043,2,Established
Franklin,2026-03-01,114.0,76.0,106.47787499397396,38.0,7.5221250060260445,30.477874993973955,49.35064935064935,3,Established
Franklin,2026-04-01,128.0,96.0,102.44993804592082,32.0,25.550061954079183,6.449938045920817,32.98969072164948,4,Established
Franklin,2026-05-01,110.0,104.0,110.47857429842378,6.0,0.47857429842377996,5.52142570157622,5.714285714285714,5,Established
Franklin,2026-06-01,135.0,73.0,106.15810344603108,62.0,28.841896553968922,33.15810344603108,83.78378378378379,6,Established
Franklin,2026-07-01,110.0,95.0,114.52913645350435,15.0,4.52913645350435,10.47086354649565,15.625,7,Established
Garfield,2025-08-01,0.0,0.0,0.081384411133339,0.0,0.081384411133339,-0.081384411133339,0.0,8,Emerging
Garfield,2025-09-01,0.0,0.0,0.07966803633579347,0.0,0.07966803633579347,-0.07966803633579347,0.0,9,Emerging
Garfield,2025-10-01,1.0,0.0,0.08386229196416406,1.0,0.9161377080358359,0.08386229196416406,100.0,10,Emerging
Garfield,2025-11-01,0.0,0.0,0.0,0.0,0.0,0.0,0.0,11,Emerging
Garfield,2025-12-01,0.0,0.0,0.018508720910578414,0.0,0.018508720910578414,-0.018508720910578414,0.0,12,Emerging
Garfield,2026-01-01,0.0,0.0,0.0028922878693670713,0.0,0.0028922878693670713,-0.0028922878693670713,0.0,1,Emerging
Garfield,2026-02-01,0.0,0.0,0.0,0.0,0.0,0.0,0.0,2,Emerging
Garfield,2026-03-01,0.0,0.0,0.004341567291924353,0.0,0.004341567291924353,-0.004341567291924353,0.0,3,Emerging
Garfield,2026-04-01,2.0,0.0,0.0,2.0,2.0,0.0,200.0,4,Emerging
Garfield,2026-05-01,0.0,0.0,0.06180024268342976,0.0,0.06180024268342976,-0.06180024268342976,0.0,5,Emerging
Garfield,2026-06-01,0.0,0.0,0.10467086774076595,0.0,0.10467086774076595,-0.10467086774076595,0.0,6,Emerging
Garfield,2026-07-01,1.0,0.0,0.10012682287379308,1.0,0.899873177126207,0.10012682287379304,100.0,7,Emerging
Grant,2025-08-01,94.0,63.0,74.68001342624339,31.0,19.31998657375661,11.680013426243391,48.4375,8,Established
Grant,2025-09-01,95.0,69.0,79.96546514205582,26.0,15.03453485794418,10.96546514205582,37.142857142857146,9,Established
Grant,2025-10-01,95.0,71.0,83.16030644692646,24.0,11.839693553073545,12.160306446926455,33.33333333333333,10,Established
Grant,2025-11-01,60.0,48.0,79.66545008512605,12.0,19.665450085126054,-7.665450085126054,24.489795918367346,11,Established
Grant,2025-12-01,81.0,65.0,83.10750207555569,16.0,2.1075020755556864,13.892497924444314,24.242424242424242,12,Established
Grant,2026-01-01,65.0,58.0,80.53868511117572,7.0,15.538685111175724,-8.538685111175724,11.864406779661017,1,Established
Grant,2026-02-01,69.0,55.0,75.62776835305864,14.0,6.6277683530586415,7.3722316469413585,25.0,2,Established
Grant,2026-03-01,102.0,68.0,95.17201848872963,34.0,6.827981511270366,27.172018488729634,49.275362318840585,3,Established
Grant,2026-04-01,96.0,84.0,98.26938318809194,12.0,2.269383188091936,9.730616811908064,14.117647058823529,4,Established
Grant,2026-05-01,99.0,68.0,94.49494454160633,31.0,4.50505545839367,26.49494454160633,44.927536231884055,5,Established
Grant,2026-06-01,119.0,56.0,91.19070074435089,63.0,27.80929925564911,35.19070074435089,110.5263157894737,6,Established
Grant,2026-07-01,108.0,83.0,100.32465320528699,25.0,7.675346794713008,17.324653205286992,29.761904761904763,7,Established
Grays Harbor,2025-08-01,68.0,56.0,77.56602506416748,12.0,9.566025064167476,2.4339749358325236,21.052631578947366,8,Growth
Grays Harbor,2025-09-01,72.0,63.0,75.10836797766726,9.0,3.108367977667257,5.891632022332743,14.0625,9,Growth
Grays Harbor,2025-10-01,89.0,68.0,76.55682064702074,21.0,12.443179352979257,8.556820647020743,30.434782608695656,10,Growth
Grays Harbor,2025-11-01,61.0,58.0,75.72555226450132,3.0,14.725552264501317,-11.725552264501317,5.084745762711865,11,Growth
Grays Harbor,2025-12-01,65.0,52.0,69.04851073781624,13.0,4.048510737816244,8.951489262183756,24.528301886792452,12,Growth
Grays Harbor,2026-01-01,81.0,60.0,74.73361074462855,21.0,6.26638925537145,14.73361074462855,34.42622950819672,1,Growth
Grays Harbor,2026-02-01,48.0,48.0,72.84903572428584,0.0,24.84903572428584,-24.84903572428584,0.0,2,Growth
Grays Harbor,2026-03-01,92.0,69.0,81.78983847776169,23.0,10.210161522238309,12.789838477761691,32.857142857142854,3,Growth
Grays Harbor,2026-04-01,99.0,77.0,86.15774798196901,22.0,12.84225201803099,9.15774798196901,28.205128205128204,4,Growth
Grays Harbor,2026-05-01,74.0,71.0,80.52308266513407,3.0,6.523082665134069,-3.523082665134069,4.166666666666666,5,Growth
Grays Harbor,2026-06-01,87.0,72.0,89.63339959561098,15.0,2.6333995956109817,12.366600404389018,20.54794520547945,6,Growth
Grays Harbor,2026-07-01,101.0,76.0,96.54045400081232,25.0,4.459545999187682,20.540454000812318,32.467532467532465,7,Growth
Island,2025-08-01,212.0,207.0,269.0576903680849,5.0,57.05769036808488,-52.05769036808488,2.403846153846154,8,Established
Island,2025-09-01,229.0,177.0,242.69998574852613,52.0,13.699985748526132,38.30001425147387,29.213483146067414,9,Established
Island,2025-10-01,231.0,204.0,253.8119387324579,27.0,22.81193873245789,4.1880612675421105,13.170731707317074,10,Established
Island,2025-11-01,186.0,148.0,220.53166569556288,38.0,34.53166569556288,3.4683343044371213,25.503355704697988,11,Established
Island,2025-12-01,201.0,192.0,248.56976142752774,9.0,47.56976142752774,-38.56976142752774,4.66321243523316,12,Established
Island,2026-01-01,196.0,197.0,240.68721719161087,1.0,44.68721719161087,-43.68721719161087,0.5050505050505051,1,Established
Island,2026-02-01,194.0,146.0,220.92600205452376,48.0,26.926002054523764,21.073997945476236,32.6530612244898,2,Established
Island,2026-03-01,210.0,191.0,255.56004620017202,19.0,45.560046200172025,-26.560046200172025,9.895833333333332,3,Established
Island,2026-04-01,230.0,213.0,251.38547911127884,17.0,21.38547911127884,-4.3854791112788405,7.943925233644859,4,Established
Island,2026-05-01,212.0,213.0,249.21388559385719,1.0,37.213885593857185,-36.213885593857185,0.46728971962616817,5,Established
Island,2026-06-01,283.0,221.0,248.15552794675278,62.0,34.844472053247216,27.155527946752784,27.927927927927925,6,Established
Island,2026-07-01,281.0,246.0,267.0711236728461,35.0,13.928876327153887,21.071123672846113,14.17004048582996,7,Established
Jefferson,2025-08-01,108.0,88.0,105.60937837629336,20.0,2.390621623706636,17.609378376293364,22.47191011235955,8,Growth
Jefferson,2025-09-01,98.0,89.0,116.61644865997935,9.0,18.616448659979355,-9.616448659979355,10.0,9,Growth
Jefferson,2025-10-01,119.0,95.0,110.80861014330858,24.0,8.191389856691416,15.808610143308584,25.0,10,Growth
Jefferson,2025-11-01,77.0,76.0,97.90532038655357,1.0,20.90532038655357,-19.90532038655357,1.2987012987012987,11,Growth
Jefferson,2025-12-01,110.0,84.0,101.99844580417543,26.0,8.001554195824568,17.998445804175432,30.58823529411765,12,Growth
Jefferson,2026-01-01,94.0,89.0,102.32319937930552,5.0,8.323199379305521,-3.323199379305521,5.555555555555555,1,Growth
Jefferson,2026-02-01,100.0,74.0,98.47191208168121,26.0,1.5280879183187892,24.47191208168121,34.66666666666667,2,Growth
Jefferson,2026-03-01,127.0,108.0,119.92686066791087,19.0,7.073139332089127,11.926860667910873,17.431192660550458,3,Growth
Jefferson,2026-04-01,107.0,87.0,114.83545126125996,20.0,7.835451261259962,12.164548738740038,22.727272727272727,4,Growth
Jefferson,2026-05-01,116.0,101.0,122.92799800208401,15.0,6.92799800208401,8.07200199791599,14.705882352941178,5,Growth
Jefferson,2026-06-01,123.0,81.0,120.48431443284505,42.0,2.5156855671549465,39.48431443284505,51.21951219512195,6,Growth
Jefferson,2026-07-01,123.0,115.0,136.92763195567815,8.0,13.927631955678152,-5.927631955678152,6.896551724137931,7,Growth
King,2025-08-01,1949.0,1541.0,1336.3191629985333,408.0,612.6808370014667,-204.68083700146667,26.459143968871597,8,Established
King,2025-09-01,1951.0,1566.0,1319.3771974035294,385.0,631.6228025964706,-246.6228025964706,24.569240587109125,9,Established
King,2025-10-01,2143.0,1698.0,1321.728439889612,445.0,821.271560110388,-376.271560110388,26.191877575044142,10,Established
King,2025-11-01,1361.0,1321.0,1511.985739968643,40.0,150.98573996864297,-110.98573996864297,3.0257186081694405,11,Established
King,2025-12-01,1635.0,1556.0,1135.1384463184002,79.0,499.86155368159984,-420.86155368159984,5.073859987154785,12,Established
King,2026-01-01,1611.0,1825.0,1185.3679335127208,214.0,425.6320664872792,-211.6320664872792,11.71960569550931,1,Established
King,2026-02-01,1475.0,1477.0,1124.954389271584,2.0,350.045610728416,-348.045610728416,0.13531799729364005,2,Established
King,2026-03-01,1708.0,1498.0,1086.752665341939,210.0,621.2473346580609,-411.24733465806094,14.009339559706472,3,Established
King,2026-04-01,1845.0,1848.0,1164.9437434895528,3.0,680.0562565104472,-677.0562565104472,0.16224986479177933,4,Established
King,2026-05-01,1941.0,1802.0,1210.6749465368316,139.0,730.3250534631684,-591.3250534631684,7.709373266777593,5,Established
King,2026-06-01,2092.0,1777.0,1249.2870630348075,315.0,842.7129369651925,-527.7129369651925,17.716535433070867,6,Established
King,2026-07-01,2065.0,1872.0,1289.6243156696357,193.0,775.3756843303643,-582.3756843303643,10.304324612920448,7,Established
Kitsap,2025-08-01,654.0,583.0,701.9076619515483,71.0,47.907661951548334,23.092338048451666,12.157534246575343,8,Established
Kitsap,2025-09-01,685.0,575.0,709.9440501102545,110.0,24.944050110254466,85.05594988974553,19.09722222222222,9,Established
Kitsap,2025-10-01,689.0,584.0,699.8550967478242,105.0,10.855096747824177,94.14490325217582,17.94871794871795,10,Established
Kitsap,2025-11-01,521.0,481.0,695.8328548947792,40.0,174.8328548947792,-134.8328548947792,8.29875518672199,11,Established
Kitsap,2025-12-01,706.0,569.0,685.9735169187546,137.0,20.026483081245374,116.97351691875463,24.035087719298247,12,Established
Kitsap,2026-01-01,704.0,657.0,708.3824498801034,47.0,4.382449880103422,42.61755011989658,7.142857142857142,1,Established
Kitsap,2026-02-01,618.0,487.0,716.7762007992261,131.0,98.7762007992261,32.2237992007739,26.84426229508197,2,Established
Kitsap,2026-03-01,775.0,666.0,718.8959665488039,109.0,56.104033451196074,52.895966548803926,16.34182908545727,3,Established
Kitsap,2026-04-01,767.0,690.0,764.8093074446815,77.0,2.190692555318492,74.80930744468151,11.143270622286542,4,Established
Kitsap,2026-05-01,792.0,664.0,772.6489070001852,128.0,19.351092999814796,108.6489070001852,19.248120300751882,5,Established
Kitsap,2026-06-01,858.0,677.0,835.3713785177052,181.0,22.62862148229476,158.37137851770524,26.696165191740413,6,Established
Kitsap,2026-07-01,780.0,666.0,868.6368853744303,114.0,88.63688537443034,25.363114625569665,17.09145427286357,7,Established
Kittitas,2025-08-01,108.0,81.0,91.87160447864969,27.0,16.128395521350313,10.871604478649687,32.926829268292686,8,Established
Kittitas,2025-09-01,84.0,80.0,97.69902356274692,4.0,13.699023562746916,-9.699023562746916,4.938271604938271,9,Established
Kittitas,2025-10-01,98.0,77.0,95.31160300773496,21.0,2.688396992265041,18.31160300773496,26.923076923076923,10,Established
Kittitas,2025-11-01,72.0,55.0,87.25940606112003,17.0,15.259406061120032,1.740593938879968,30.357142857142854,11,Established
Kittitas,2025-12-01,99.0,63.0,86.99222112181137,36.0,12.007778878188631,23.99222112181137,56.25,12,Established
Kittitas,2026-01-01,83.0,69.0,85.33866476357157,14.0,2.338664763571572,11.661335236428428,20.0,1,Established
Kittitas,2026-02-01,81.0,69.0,82.99840277988315,12.0,1.9984027798831505,10.00159722011685,17.142857142857142,2,Established
Kittitas,2026-03-01,71.0,76.0,102.57417046238847,5.0,31.574170462388466,-26.574170462388466,6.493506493506493,3,Established
Kittitas,2026-04-01,81.0,64.0,96.74381929654872,17.0,15.743819296548722,1.2561807034512782,26.153846153846157,4,Established
Kittitas,2026-05-01,106.0,77.0,101.11978642745336,29.0,4.880213572546637,24.119786427453363,37.17948717948718,5,Established
Kittitas,2026-06-01,107.0,95.0,99.59911995373811,12.0,7.400880046261889,4.599119953738111,12.5,6,Established
Kittitas,2026-07-01,134.0,74.0,105.9373504977209,60.0,28.0626495022791,31.9373504977209,80.0,7,Established
Klickitat,2025-08-01,31.0,35.0,39.73073799291806,4.0,8.730737992918058,-4.730737992918058,11.11111111111111,8,Growth
Klickitat,2025-09-01,34.0,27.0,37.38777049693686,7.0,3.3877704969368594,3.6122295030631406,25.0,9,Growth
Klickitat,2025-10-01,42.0,28.0,39.33166008262694,14.0,2.6683399173730606,11.33166008262694,48.275862068965516,10,Growth
Klickitat,2025-11-01,26.0,24.0,40.83185953476199,2.0,14.831859534761989,-12.831859534761989,8.0,11,Growth
Klickitat,2025-12-01,41.0,27.0,38.67508474890608,14.0,2.3249152510939197,11.67508474890608,50.0,12,Growth
Klickitat,2026-01-01,32.0,40.0,43.23799488218977,8.0,11.237994882189767,-3.237994882189767,19.51219512195122,1,Growth
Klickitat,2026-02-01,31.0,18.0,37.94602585991688,13.0,6.94602585991688,6.05397414008312,68.42105263157895,2,Growth
Klickitat,2026-03-01,45.0,28.0,39.081543733047624,17.0,5.918456266952376,11.081543733047624,58.620689655172406,3,Growth
Klickitat,2026-04-01,51.0,33.0,45.37812661784166,18.0,5.621873382158341,12.378126617841659,52.94117647058824,4,Growth
Klickitat,2026-05-01,31.0,26.0,41.60877245006627,5.0,10.608772450066269,-5.608772450066269,18.51851851851852,5,Growth
Klickitat,2026-06-01,40.0,25.0,42.41577427460707,15.0,2.4157742746070667,12.584225725392933,57.692307692307686,6,Growth
Klickitat,2026-07-01,52.0,41.0,47.40550490627942,11.0,4.594495093720582,6.405504906279418,26.190476190476193,7,Growth
Lewis,2025-08-01,78.0,70.0,82.99086661067209,8.0,4.990866610672086,3.009133389327914,11.267605633802818,8,Growth
Lewis,2025-09-01,76.0,60.0,80.03518857078713,16.0,4.035188570787128,11.964811429212872,26.229508196721312,9,Growth
Lewis,2025-10-01,85.0,60.0,81.41789634816425,25.0,3.5821036518357516,21.41789634816425,40.98360655737705,10,Growth
Lewis,2025-11-01,60.0,48.0,83.41548272159555,12.0,23.415482721595552,-11.415482721595552,24.489795918367346,11,Growth
Lewis,2025-12-01,80.0,63.0,81.86122067556472,17.0,1.8612206755647236,15.138779324435276,26.5625,12,Growth
Lewis,2026-01-01,73.0,78.0,86.34182525996574,5.0,13.341825259965745,-8.341825259965745,6.329113924050633,1,Growth
Lewis,2026-02-01,73.0,57.0,77.14477588334448,16.0,4.144775883344479,11.85522411665552,27.586206896551722,2,Growth
Lewis,2026-03-01,78.0,67.0,86.77734984568121,11.0,8.777349845681215,2.222650154318785,16.176470588235293,3,Growth
Lewis,2026-04-01,109.0,59.0,90.68365028066653,50.0,18.316349719333473,31.683650280666527,83.33333333333334,4,Growth
Lewis,2026-05-01,109.0,92.0,98.4735607096954,17.0,10.526439290304594,6.4735607096954055,18.27956989247312,5,Growth
Lewis,2026-06-01,93.0,76.0,94.66741323638885,17.0,1.6674132363888532,15.332586763611147,22.07792207792208,6,Growth
Lewis,2026-07-01,110.0,80.0,96.77197140101426,30.0,13.228028598985745,16.771971401014255,37.03703703703704,7,Growth
Lincoln,2025-08-01,2.0,3.0,5.758882427030678,1.0,3.758882427030678,-2.758882427030678,25.0,8,Growth
Lincoln,2025-09-01,6.0,3.0,6.921857370369339,3.0,0.9218573703693389,2.078142629630661,75.0,9,Growth
Lincoln,2025-10-01,5.0,5.0,6.561309620920702,0.0,1.561309620920702,-1.561309620920702,0.0,10,Growth
Lincoln,2025-11-01,4.0,2.0,5.0514342296974135,2.0,1.0514342296974135,0.9485657703025865,66.66666666666666,11,Growth
Lincoln,2025-12-01,7.0,3.0,5.339607235822917,4.0,1.6603927641770833,2.3396072358229167,100.0,12,Growth
Lincoln,2026-01-01,5.0,8.0,6.777162941340296,3.0,1.777162941340296,1.222837058659704,33.33333333333333,1,Growth
Lincoln,2026-02-01,9.0,3.0,5.379430099259776,6.0,3.6205699007402243,2.3794300992597757,150.0,2,Growth
Lincoln,2026-03-01,7.0,5.0,6.8261384805299885,2.0,0.1738615194700115,1.8261384805299885,33.33333333333333,3,Growth
Lincoln,2026-04-01,8.0,4.0,6.13976805732725,4.0,1.8602319426727503,2.1397680573272497,80.0,4,Growth
Lincoln,2026-05-01,8.0,11.0,7.796069773197286,3.0,0.2039302268027141,2.796069773197286,25.0,5,Growth
Lincoln,2026-06-01,6.0,3.0,5.9825203836988345,3.0,0.017479616301165457,2.9825203836988345,75.0,6,Growth
Lincoln,2026-07-01,1.0,7.0,6.751101338596056,6.0,5.751101338596056,0.24889866140394368,75.0,7,Growth
Mason,2025-08-01,93.0,70.0,98.75790104178283,23.0,5.75790104178283,17.24209895821717,32.3943661971831,8,Established
Mason,2025-09-01,104.0,88.0,111.08981664824697,16.0,7.089816648246966,8.910183351753034,17.97752808988764,9,Established
Mason,2025-10-01,123.0,100.0,108.06266437313168,23.0,14.937335626868318,8.062664373131682,22.772277227722775,10,Established
Mason,2025-11-01,81.0,56.0,90.50246551309401,25.0,9.502465513094009,15.497534486905991,43.859649122807014,11,Established
Mason,2025-12-01,105.0,73.0,97.59114825287689,32.0,7.408851747123109,24.59114825287689,43.24324324324324,12,Established
Mason,2026-01-01,98.0,99.0,105.8450500415219,1.0,7.845050041521901,-6.845050041521901,1.0,1,Established
Mason,2026-02-01,88.0,66.0,93.1478356190703,22.0,5.147835619070307,16.852164380929693,32.83582089552239,2,Established
Mason,2026-03-01,123.0,97.0,113.74459931775979,26.0,9.255400682240207,16.744599317759793,26.53061224489796,3,Established
Mason,2026-04-01,119.0,94.0,117.04228455783391,25.0,1.9577154421660907,23.04228455783391,26.31578947368421,4,Established
Mason,2026-05-01,111.0,91.0,117.41391593385859,20.0,6.41391593385859,13.58608406614141,21.73913043478261,5,Established
Mason,2026-06-01,114.0,92.0,125.99383729657238,22.0,11.99383729657238,10.00616270342762,23.655913978494624,6,Established
Mason,2026-07-01,133.0,111.0,131.87104275270028,22.0,1.1289572472997236,20.871042752700276,19.642857142857142,7,Established
Okanogan,2025-08-01,20.0,32.0,32.34445421075331,12.0,12.344454210753312,-0.3444542107533124,36.36363636363637,8,Growth
Okanogan,2025-09-01,31.0,22.0,32.14349291016871,9.0,1.1434929101687104,7.85650708983129,39.130434782608695,9,Growth
Okanogan,2025-10-01,29.0,31.0,30.260175472261174,2.0,1.2601754722611744,0.7398245277388256,6.25,10,Growth
Okanogan,2025-11-01,21.0,18.0,28.665526223010804,3.0,7.665526223010804,-4.665526223010804,15.789473684210526,11,Growth
Okanogan,2025-12-01,31.0,27.0,29.30431471932222,4.0,1.695685280677779,2.304314719322221,14.285714285714285,12,Growth
Okanogan,2026-01-01,42.0,31.0,31.35186872421787,11.0,10.64813127578213,0.3518687242178693,34.375,1,Growth
Okanogan,2026-02-01,26.0,27.0,27.409237188701862,1.0,1.4092371887018622,-0.4092371887018622,3.571428571428571,2,Growth
Okanogan,2026-03-01,34.0,12.0,29.083882636735517,22.0,4.916117363264483,17.083882636735517,169.23076923076923,3,Growth
Okanogan,2026-04-01,41.0,35.0,39.94052633933547,6.0,1.0594736606645299,4.94052633933547,16.666666666666664,4,Growth
Okanogan,2026-05-01,31.0,28.0,40.23160996536458,3.0,9.231609965364576,-6.2316099653645765,10.344827586206897,5,Growth
Okanogan,2026-06-01,40.0,27.0,41.93681379066604,13.0,1.9368137906660365,11.063186209333963,46.42857142857143,6,Growth
Okanogan,2026-07-01,42.0,30.0,43.75849644323721,12.0,1.7584964432372132,10.241503556762787,38.70967741935484,7,Growth
Pacific,2025-08-01,14.0,17.0,21.282066800207343,3.0,7.2820668002073425,-4.2820668002073425,16.666666666666664,8,Growth
Pacific,2025-09-01,26.0,20.0,19.8572450172756,6.0,6.1427549827244015,-0.14275498272440146,28.57142857142857,9,Growth
Pacific,2025-10-01,20.0,11.0,17.944247837302882,9.0,2.055752162697118,6.944247837302882,75.0,10,Growth
Pacific,2025-11-01,17.0,18.0,20.131931989375893,1.0,3.131931989375893,-2.131931989375893,5.263157894736842,11,Growth
Pacific,2025-12-01,11.0,10.0,17.480104712509068,1.0,6.480104712509068,-5.480104712509068,9.090909090909092,12,Growth
Pacific,2026-01-01,23.0,18.0,19.47192133719254,5.0,3.5280786628074594,1.4719213371925406,26.31578947368421,1,Growth
Pacific,2026-02-01,23.0,17.0,20.229671155758755,6.0,2.770328844241245,3.229671155758755,33.33333333333333,2,Growth
Pacific,2026-03-01,35.0,18.0,23.302227813087157,17.0,11.697772186912843,5.302227813087157,89.47368421052632,3,Growth
Pacific,2026-04-01,21.0,21.0,23.813845208289326,0.0,2.813845208289326,-2.813845208289326,0.0,4,Growth
Pacific,2026-05-01,18.0,13.0,23.214693025506133,5.0,5.214693025506133,-0.21469302550613278,35.714285714285715,5,Growth
Pacific,2026-06-01,31.0,19.0,24.743617326307426,12.0,6.256382673692574,5.743617326307426,60.0,6,Growth
Pacific,2026-07-01,38.0,30.0,28.606583348229062,8.0,9.393416651770938,-1.3934166517709379,25.806451612903224,7,Growth
Pend Oreille,2025-08-01,6.0,7.0,7.30113467582654,1.0,1.3011346758265399,-0.30113467582653985,12.5,8,Emerging
Pend Oreille,2025-09-01,6.0,8.0,8.758850057798155,2.0,2.7588500577981545,-0.7588500577981545,22.22222222222222,9,Emerging
Pend Oreille,2025-10-01,5.0,11.0,8.79746679599415,6.0,3.7974667959941506,2.2025332040058494,50.0,10,Emerging
Pend Oreille,2025-11-01,7.0,7.0,8.320583055483677,0.0,1.3205830554836773,-1.3205830554836773,0.0,11,Emerging
Pend Oreille,2025-12-01,8.0,7.0,7.3799540220803355,1.0,0.6200459779196645,0.37995402208033546,12.5,12,Emerging
Pend Oreille,2026-01-01,13.0,6.0,7.274292798657509,7.0,5.725707201342491,1.274292798657509,100.0,1,Emerging
Pend Oreille,2026-02-01,6.0,3.0,6.189608179129163,3.0,0.18960817912916283,2.810391820870837,75.0,2,Emerging
Pend Oreille,2026-03-01,7.0,4.0,7.404003303863096,3.0,0.4040033038630959,2.595996696136904,60.0,3,Emerging
Pend Oreille,2026-04-01,12.0,9.0,8.774996785992387,3.0,3.2250032140076126,-0.22500321400761258,30.0,4,Emerging
Pend Oreille,2026-05-01,9.0,9.0,9.642044548898648,0.0,0.6420445488986477,-0.6420445488986477,0.0,5,Emerging
Pend Oreille,2026-06-01,13.0,6.0,9.385464533022567,7.0,3.6145354669774328,3.3854645330225672,100.0,6,Emerging
Pend Oreille,2026-07-01,7.0,11.0,11.291641710335359,4.0,4.291641710335359,-0.2916417103353588,33.33333333333333,7,Emerging
Pierce,2025-08-01,1646.0,1457.0,1385.3325414895373,189.0,260.66745851046267,-71.66745851046267,12.962962962962962,8,Established
Pierce,2025-09-01,1756.0,1541.0,1349.9571337590467,215.0,406.04286624095334,-191.04286624095334,13.942931258106356,9,Established
Pierce,2025-10-01,1832.0,1570.0,1353.1904757295122,262.0,478.8095242704878,-216.80952427048783,16.677275620623806,10,Established
Pierce,2025-11-01,1282.0,1278.0,1508.7697786306476,4.0,226.76977863064758,-222.76977863064758,0.3127443315089914,11,Established
Pierce,2025-12-01,656.0,1551.0,1126.3525499633986,895.0,470.3525499633986,424.6474500366014,57.66752577319587,12,Established
Pierce,2026-01-01,1645.0,1693.0,1058.0367234682678,48.0,586.9632765317322,-538.9632765317322,2.833530106257379,1,Established
Pierce,2026-02-01,1485.0,1230.0,1164.7857286632218,255.0,320.2142713367782,-65.21427133677821,20.714865962632008,2,Established
Pierce,2026-03-01,805.0,1573.0,1121.0583623467246,768.0,316.0583623467246,451.9416376532754,48.792884371029224,3,Established
Pierce,2026-04-01,1909.0,1577.0,1068.699982026382,332.0,840.300017973618,-508.30001797361797,21.039290240811155,4,Established
Pierce,2026-05-01,1741.0,1526.0,1202.057272296559,215.0,538.942727703441,-323.94272770344105,14.079895219384413,5,Established
Pierce,2026-06-01,896.0,1571.0,1322.3072469328863,675.0,426.3072469328863,248.6927530671137,42.93893129770993,6,Established
Pierce,2026-07-01,1005.0,1744.0,1197.491250640022,739.0,192.49125064002192,546.5087493599781,42.34957020057307,7,Established
San Juan,2025-08-01,95.0,88.0,106.84397330874033,7.0,11.843973308740331,-4.843973308740331,7.865168539325842,8,Growth
San Juan,2025-09-01,99.0,88.0,108.36405484491142,11.0,9.364054844911422,1.635945155088578,12.359550561797752,9,Growth
San Juan,2025-10-01,99.0,89.0,104.18392450250577,10.0,5.183924502505775,4.816075497494225,11.11111111111111,10,Growth
San Juan,2025-11-01,78.0,73.0,98.14098233195006,5.0,20.140982331950056,-15.140982331950056,6.756756756756757,11,Growth
San Juan,2025-12-01,92.0,94.0,103.29529884355594,2.0,11.29529884355594,-9.29529884355594,2.1052631578947367,12,Growth
San Juan,2026-01-01,90.0,81.0,99.72979754834955,9.0,9.729797548349552,-0.729797548349552,10.975609756097562,1,Growth
San Juan,2026-02-01,87.0,63.0,87.78397335564665,24.0,0.7839733556466513,23.21602664435335,37.5,2,Growth
San Juan,2026-03-01,111.0,98.0,112.46793320847074,13.0,1.4679332084707397,11.53206679152926,13.131313131313133,3,Growth
San Juan,2026-04-01,108.0,113.0,108.72048069807582,5.0,0.7204806980758178,4.279519301924182,4.385964912280701,4,Growth
San Juan,2026-05-01,92.0,67.0,101.7966605230211,25.0,9.796660523021103,15.203339476978897,36.76470588235294,5,Growth
San Juan,2026-06-01,113.0,99.0,102.47594570537196,14.0,10.524054294628044,3.475945705371956,14.000000000000002,6,Growth
San Juan,2026-07-01,108.0,88.0,105.33279999697244,20.0,2.6672000030275598,17.33279999697244,22.47191011235955,7,Growth
Skagit,2025-08-01,239.0,211.0,286.1158949858146,28.0,47.11589498581458,-19.115894985814577,13.20754716981132,8,Established
Skagit,2025-09-01,243.0,245.0,286.98946883923435,2.0,43.98946883923435,-41.98946883923435,0.8130081300813009,9,Established
Skagit,2025-10-01,276.0,217.0,262.27758880760643,59.0,13.722411192393565,45.277588807606435,27.06422018348624,10,Established
Skagit,2025-11-01,146.0,142.0,253.33415437072873,4.0,107.33415437072873,-103.33415437072873,2.797202797202797,11,Established
Skagit,2025-12-01,244.0,192.0,252.9354869880445,52.0,8.935486988044488,43.06451301195551,26.94300518134715,12,Established
Skagit,2026-01-01,244.0,206.0,269.63408699817586,38.0,25.63408699817586,12.36591300182414,18.357487922705314,1,Established
Skagit,2026-02-01,191.0,184.0,264.0556892377446,7.0,73.05568923774462,-66.05568923774462,3.783783783783784,2,Established
Skagit,2026-03-01,240.0,194.0,264.07869147950134,46.0,24.078691479501344,21.921308520498656,23.589743589743588,3,Established
Skagit,2026-04-01,280.0,233.0,288.85411906241444,47.0,8.85411906241444,38.14588093758556,20.085470085470085,4,Established
Skagit,2026-05-01,268.0,259.0,294.96634560686226,9.0,26.966345606862262,-17.966345606862262,3.4615384615384617,5,Established
Skagit,2026-06-01,293.0,278.0,318.34736405662335,15.0,25.34736405662335,-10.347364056623348,5.376344086021505,6,Established
Skagit,2026-07-01,288.0,246.0,323.43935049958367,42.0,35.43935049958367,6.560649500416332,17.00404858299595,7,Established
Skamania,2025-08-01,30.0,13.0,21.9055718570132,17.0,8.0944281429868,8.9055718570132,121.42857142857142,8,Emerging
Skamania,2025-09-01,21.0,23.0,22.323786922936975,2.0,1.323786922936975,0.676213077063025,8.333333333333332,9,Emerging
Skamania,2025-10-01,31.0,21.0,20.85588025325522,10.0,10.144119746744781,-0.14411974674478145,45.45454545454545,10,Emerging
Skamania,2025-11-01,11.0,18.0,18.91609865750693,7.0,7.916098657506929,-0.9160986575069288,36.84210526315789,11,Emerging
Skamania,2025-12-01,18.0,20.0,18.8740401718125,2.0,0.8740401718124993,1.1259598281875007,9.523809523809524,12,Emerging
Skamania,2026-01-01,8.0,10.0,17.522722679534183,2.0,9.522722679534183,-7.5227226795341835,18.181818181818183,1,Emerging
Skamania,2026-02-01,18.0,11.0,18.404477134769582,7.0,0.40447713476958214,6.595522865230418,58.333333333333336,2,Emerging
Skamania,2026-03-01,22.0,14.0,20.790584541790043,8.0,1.209415458209957,6.790584541790043,53.333333333333336,3,Emerging
Skamania,2026-04-01,25.0,13.0,22.362126108973293,12.0,2.6378738910267074,9.362126108973293,85.71428571428571,4,Emerging
Skamania,2026-05-01,22.0,19.0,24.34936572185363,3.0,2.34936572185363,0.6506342781463701,15.0,5,Emerging
Skamania,2026-06-01,32.0,26.0,25.962656353521236,6.0,6.037343646478764,-0.03734364647876376,22.22222222222222,6,Emerging
Skamania,2026-07-01,35.0,18.0,24.329521692500606,17.0,10.670478307499394,6.329521692500606,89.47368421052632,7,Emerging
Snohomish,2025-08-01,1081.0,1124.0,1168.3121643502786,43.0,87.31216435027864,-44.312164350278636,3.822222222222222,8,Established
Snohomish,2025-09-01,1109.0,1123.0,1151.55984473976,14.0,42.55984473975991,-28.55984473975991,1.2455516014234875,9,Established
Snohomish,2025-10-01,1363.0,1121.0,1160.3879025754634,242.0,202.6120974245366,39.387902575463386,21.568627450980394,10,Established
Snohomish,2025-11-01,890.0,810.0,1253.2868638632433,80.0,363.2868638632433,-283.2868638632433,9.864364981504316,11,Established
Snohomish,2025-12-01,851.0,1011.0,1129.6202572685575,160.0,278.62025726855745,-118.62025726855745,15.810276679841898,12,Established
Snohomish,2026-01-01,1002.0,1209.0,1117.5586400498494,207.0,115.55864004984937,91.44135995015063,17.107438016528924,1,Established
Snohomish,2026-02-01,812.0,878.0,1065.1997933080902,66.0,253.1997933080902,-187.1997933080902,7.508532423208192,2,Established
Snohomish,2026-03-01,997.0,970.0,1072.0285891468084,27.0,75.02858914680837,-48.02858914680837,2.780638516992791,3,Established
Snohomish,2026-04-01,1132.0,1132.0,1075.9802279888954,0.0,56.01977201110458,-56.01977201110458,0.0,4,Established
Snohomish,2026-05-01,1110.0,955.0,1142.4667273649236,155.0,32.4667273649236,122.5332726350764,16.21338912133891,5,Established
Snohomish,2026-06-01,1203.0,1017.0,1171.7590523174636,186.0,31.240947682536444,154.75905231746356,18.271119842829076,6,Established
Snohomish,2026-07-01,1272.0,1194.0,1201.3850539084801,78.0,70.61494609151987,7.385053908480131,6.527196652719665,7,Established
Spokane,2025-08-01,582.0,510.0,572.4098004477697,72.0,9.590199552230274,62.409800447769726,14.090019569471623,8,Established
Spokane,2025-09-01,624.0,548.0,589.365284584093,76.0,34.63471541590695,41.36528458409305,13.843351548269581,9,Established
Spokane,2025-10-01,594.0,569.0,572.0621253088844,25.0,21.937874691115553,3.062125308884447,4.385964912280701,10,Established
Spokane,2025-11-01,444.0,402.0,556.9150575623723,42.0,112.91505756237234,-70.91505756237234,10.421836228287841,11,Established
Spokane,2025-12-01,481.0,438.0,568.4674495808357,43.0,87.4674495808357,-44.467449580835705,9.79498861047836,12,Established
Spokane,2026-01-01,464.0,432.0,554.7688249613541,32.0,90.76882496135408,-58.768824961354085,7.390300230946882,1,Established
Spokane,2026-02-01,458.0,332.0,497.78665414382436,126.0,39.786654143824364,86.21334585617564,37.83783783783784,2,Established
Spokane,2026-03-01,602.0,454.0,544.7157438742267,148.0,57.284256125773254,90.71574387422675,32.527472527472526,3,Established
Spokane,2026-04-01,613.0,552.0,563.4606029052221,61.0,49.53939709477788,11.460602905222117,11.030741410488245,4,Established
Spokane,2026-05-01,641.0,561.0,600.609303488902,80.0,40.390696511097985,39.609303488902015,14.23487544483986,5,Established
Spokane,2026-06-01,731.0,501.0,651.3514845784828,230.0,79.64851542151723,150.35148457848277,45.81673306772908,6,Established
Spokane,2026-07-01,713.0,555.0,724.8249351752909,158.0,11.824935175290875,146.17506482470912,28.41726618705036,7,Established
Stevens,2025-08-01,25.0,19.0,25.920691116697046,6.0,0.9206911166970464,5.079308883302954,30.0,8,Growth
Stevens,2025-09-01,26.0,17.0,24.102011113347054,9.0,1.8979888866529464,7.102011113347054,50.0,9,Growth
Stevens,2025-10-01,25.0,25.0,26.527781181159646,0.0,1.5277811811596465,-1.5277811811596465,0.0,10,Growth
Stevens,2025-11-01,22.0,13.0,24.690120533097254,9.0,2.6901205330972537,6.309879466902746,64.28571428571429,11,Growth
Stevens,2025-12-01,21.0,16.0,22.816490849495764,5.0,1.8164908494957643,3.1835091505042357,29.411764705882355,12,Growth
Stevens,2026-01-01,26.0,13.0,24.077860733435458,13.0,1.9221392665645425,11.077860733435458,92.85714285714286,1,Growth
Stevens,2026-02-01,23.0,21.0,26.78908720667901,2.0,3.7890872066790102,-1.7890872066790102,9.090909090909092,2,Growth
Stevens,2026-03-01,33.0,20.0,28.42927327365814,13.0,4.57072672634186,8.42927327365814,61.904761904761905,3,Growth
Stevens,2026-04-01,36.0,27.0,29.059632926113984,9.0,6.940367073886016,2.0596329261139843,32.142857142857146,4,Growth
Stevens,2026-05-01,29.0,21.0,28.828428307746854,8.0,0.1715716922531456,7.828428307746854,36.36363636363637,5,Growth
Stevens,2026-06-01,39.0,26.0,29.98893462524105,13.0,9.01106537475895,3.9889346252410505,48.148148148148145,6,Growth
Stevens,2026-07-01,43.0,27.0,32.70224260594082,16.0,10.297757394059182,5.7022426059408176,57.14285714285714,7,Growth
Thurston,2025-08-01,674.0,599.0,695.4900707935867,75.0,21.49007079358671,53.50992920641329,12.5,8,Established
Thurston,2025-09-01,690.0,652.0,716.1042422087113,38.0,26.104242208711298,11.895757791288702,5.819295558958652,9,Established
Thurston,2025-10-01,714.0,569.0,707.0167056202413,145.0,6.983294379758718,138.01670562024128,25.438596491228072,10,Established
Thurston,2025-11-01,488.0,461.0,700.1818933003937,27.0,212.18189330039365,-185.18189330039365,5.844155844155844,11,Established
Thurston,2025-12-01,617.0,575.0,680.450697223172,42.0,63.45069722317203,-21.45069722317203,7.291666666666667,12,Established
Thurston,2026-01-01,559.0,556.0,654.2508963705286,3.0,95.25089637052861,-92.25089637052861,0.5385996409335727,1,Established
Thurston,2026-02-01,594.0,451.0,606.3108373961392,143.0,12.310837396139164,130.68916260386084,31.63716814159292,2,Established
Thurston,2026-03-01,715.0,615.0,634.220884507123,100.0,80.77911549287705,19.220884507122946,16.233766233766232,3,Established
Thurston,2026-04-01,694.0,572.0,708.0471910130227,122.0,14.047191013022712,107.95280898697729,21.291448516579408,4,Established
Thurston,2026-05-01,690.0,588.0,721.5197820020558,102.0,31.519782002055763,70.48021799794424,17.31748726655348,5,Established
Thurston,2026-06-01,753.0,639.0,728.1106672108891,114.0,24.88933278911088,89.11066721088912,17.8125,6,Established
Thurston,2026-07-01,827.0,675.0,759.0388099778495,152.0,67.9611900221505,84.0388099778495,22.485207100591715,7,Established
Wahkiakum,2025-08-01,5.0,3.0,7.063652542348706,2.0,2.0636525423487058,-0.06365254234870577,50.0,8,Emerging
Wahkiakum,2025-09-01,9.0,4.0,7.237507135618392,5.0,1.762492864381608,3.237507135618392,100.0,9,Emerging
Wahkiakum,2025-10-01,4.0,4.0,6.245831658903367,0.0,2.2458316589033673,-2.2458316589033673,0.0,10,Emerging
Wahkiakum,2025-11-01,2.0,7.0,6.673429097101228,5.0,4.673429097101228,0.326570902898772,62.5,11,Emerging
Wahkiakum,2025-12-01,2.0,4.0,6.759515823068149,2.0,4.759515823068149,-2.759515823068149,40.0,12,Emerging
Wahkiakum,2026-01-01,7.0,5.0,6.774541047603704,2.0,0.22545895239629576,1.7745410476037042,33.33333333333333,1,Emerging
Wahkiakum,2026-02-01,6.0,5.0,6.266389711461036,1.0,0.26638971146103607,0.7336102885389639,16.666666666666664,2,Emerging
Wahkiakum,2026-03-01,8.0,6.0,6.830898515409057,2.0,1.1691014845909429,0.8308985154090571,28.57142857142857,3,Emerging
Wahkiakum,2026-04-01,4.0,11.0,7.480452925134505,7.0,3.4804529251345047,3.5195470748654953,58.333333333333336,4,Emerging
Wahkiakum,2026-05-01,7.0,7.0,7.6896839032966104,0.0,0.6896839032966104,-0.6896839032966104,0.0,5,Emerging
Wahkiakum,2026-06-01,5.0,4.0,6.26734247338511,1.0,1.26734247338511,-0.26734247338510997,20.0,6,Emerging
Wahkiakum,2026-07-01,8.0,8.0,7.706080611894743,0.0,0.2939193881052571,-0.2939193881052571,0.0,7,Emerging
Walla Walla,2025-08-01,51.0,56.0,58.17882187952729,5.0,7.178821879527291,-2.178821879527291,8.771929824561402,8,Growth
Walla Walla,2025-09-01,53.0,42.0,58.400906828254946,11.0,5.400906828254946,5.599093171745054,25.581395348837212,9,Growth
Walla Walla,2025-10-01,60.0,51.0,57.812236562928156,9.0,2.187763437071844,6.812236562928156,17.307692307692307,10,Growth
Walla Walla,2025-11-01,48.0,40.0,57.090667484996715,8.0,9.090667484996715,-1.0906674849967146,19.51219512195122,11,Growth
Walla Walla,2025-12-01,54.0,52.0,57.34142867567123,2.0,3.3414286756712315,-1.3414286756712315,3.7735849056603774,12,Growth
Walla Walla,2026-01-01,47.0,47.0,57.61048807375123,0.0,10.610488073751227,-10.610488073751227,0.0,1,Growth
Walla Walla,2026-02-01,52.0,31.0,47.915265258733484,21.0,4.084734741266516,16.915265258733484,65.625,2,Growth
Walla Walla,2026-03-01,55.0,40.0,59.10479994501236,15.0,4.10479994501236,10.89520005498764,36.58536585365854,3,Growth
Walla Walla,2026-04-01,56.0,45.0,61.80456068281481,11.0,5.8045606828148095,5.1954393171851905,23.91304347826087,4,Growth
Walla Walla,2026-05-01,56.0,54.0,61.919699100737326,2.0,5.919699100737326,-3.9196991007373256,3.6363636363636362,5,Growth
Walla Walla,2026-06-01,57.0,47.0,62.39505064390175,10.0,5.395050643901747,4.604949356098253,20.833333333333336,6,Growth
Walla Walla,2026-07-01,83.0,56.0,63.45365903315816,27.0,19.54634096684184,7.453659033158161,47.368421052631575,7,Growth
Whatcom,2025-08-01,518.0,458.0,565.9725478472934,60.0,47.97254784729341,12.027452152706587,13.071895424836603,8,Established
Whatcom,2025-09-01,529.0,451.0,559.0289509412062,78.0,30.028950941206176,47.971049058793824,17.25663716814159,9,Established
Whatcom,2025-10-01,489.0,426.0,543.6787618727632,63.0,54.678761872763175,8.321238127236825,14.754098360655737,10,Established
Whatcom,2025-11-01,397.0,363.0,519.2246756869222,34.0,122.22467568692218,-88.22467568692218,9.340659340659341,11,Established
Whatcom,2025-12-01,449.0,407.0,521.2085133268228,42.0,72.20851332682275,-30.208513326822754,10.294117647058822,12,Established
Whatcom,2026-01-01,448.0,407.0,527.0440864512192,41.0,79.04408645121919,-38.04408645121919,10.049019607843137,1,Established
Whatcom,2026-02-01,420.0,357.0,501.15701438516027,63.0,81.15701438516027,-18.157014385160267,17.59776536312849,2,Established
Whatcom,2026-03-01,540.0,473.0,546.319234680868,67.0,6.319234680868021,60.68076531913198,14.135021097046414,3,Established
Whatcom,2026-04-01,553.0,462.0,556.2926719019875,91.0,3.2926719019875463,87.70732809801245,19.654427645788335,4,Established
Whatcom,2026-05-01,578.0,483.0,552.3001271601073,95.0,25.69987283989269,69.30012716010731,19.62809917355372,5,Established
Whatcom,2026-06-01,580.0,475.0,582.6828302406346,105.0,2.682830240634644,102.31716975936536,22.058823529411764,6,Established
Whatcom,2026-07-01,625.0,514.0,581.3395260765805,111.0,43.660473923419545,67.33952607658046,21.553398058252426,7,Established
Whitman,2025-08-01,28.0,30.0,44.06533873165681,2.0,16.06533873165681,-14.065338731656809,6.451612903225806,8,Growth
Whitman,2025-09-01,37.0,33.0,45.9030078905569,4.0,8.9030078905569,-4.9030078905569,11.76470588235294,9,Growth
Whitman,2025-10-01,40.0,35.0,45.688396419564945,5.0,5.6883964195649455,-0.6883964195649455,13.88888888888889,10,Growth
Whitman,2025-11-01,25.0,33.0,43.627534244983345,8.0,18.627534244983345,-10.627534244983345,23.52941176470588,11,Growth
Whitman,2025-12-01,36.0,31.0,40.84670116902866,5.0,4.8467011690286625,0.15329883097133745,15.625,12,Growth
Whitman,2026-01-01,35.0,27.0,39.8430461365825,8.0,4.843046136582501,3.156953863417499,28.57142857142857,1,Growth
Whitman,2026-02-01,30.0,25.0,39.41497781326371,5.0,9.414977813263711,-4.414977813263711,19.230769230769234,2,Growth
Whitman,2026-03-01,40.0,37.0,47.10829351109887,3.0,7.108293511098871,-4.108293511098871,7.894736842105263,3,Growth
Whitman,2026-04-01,48.0,34.0,46.01610187844175,14.0,1.9838981215582479,12.016101878441752,40.0,4,Growth
Whitman,2026-05-01,49.0,35.0,49.672488520679615,14.0,0.6724885206796145,13.327511479320385,38.88888888888889,5,Growth
Whitman,2026-06-01,42.0,50.0,48.90008969841232,8.0,6.900089698412323,1.099910301587677,15.686274509803921,6,Growth
Whitman,2026-07-01,51.0,36.0,47.67013903377427,15.0,3.3298609662257306,11.67013903377427,40.54054054054054,7,Growth
Yakima,2025-08-01,145.0,117.0,147.62234140222742,28.0,2.62234140222742,25.37765859777258,23.728813559322035,8,Established
Yakima,2025-09-01,144.0,130.0,151.55534624410697,14.0,7.555346244106971,6.444653755893029,10.687022900763358,9,Established
Yakima,2025-10-01,150.0,118.0,146.54320968791995,32.0,3.456790312080045,28.543209687919955,26.89075630252101,10,Established
Yakima,2025-11-01,108.0,112.0,136.37799277510982,4.0,28.377992775109817,-24.377992775109817,3.5398230088495577,11,Established
Yakima,2025-12-01,120.0,100.0,130.04410678243246,20.0,10.044106782432465,9.955893217567535,19.801980198019802,12,Established
Yakima,2026-01-01,131.0,102.0,134.43445656966546,29.0,3.434456569665457,25.565543430334543,28.155339805825243,1,Established
Yakima,2026-02-01,109.0,88.0,127.82159458500566,21.0,18.821594585005656,2.1784054149943444,23.595505617977526,2,Established
Yakima,2026-03-01,172.0,126.0,143.18969480011617,46.0,28.810305199883828,17.189694800116172,36.22047244094488,3,Established
Yakima,2026-04-01,178.0,147.0,172.62225529118192,31.0,5.377744708818085,25.622255291181915,20.945945945945947,4,Established
Yakima,2026-05-01,178.0,112.0,161.76169480560898,66.0,16.238305194391017,49.76169480560898,58.4070796460177,5,Established
Yakima,2026-06-01,184.0,131.0,174.66366196393216,53.0,9.336338036067843,43.66366196393216,40.15151515151515,6,Established
Yakima,2026-07-01,188.0,141.0,183.62021109970044,47.0,4.379788900299559,42.62021109970044,33.098591549295776,7,Established
