County,Date,actual,prediction,volume_group,lower_80,upper_80,lower_95,upper_95
Adams,2025-08-01,6.0,7.4255175253288295,low,2.770639345148953,12.080395705508707,0.0,15.762278191353897
Adams,2025-09-01,12.0,8.441176225488503,low,3.7862980453086266,13.09605440566838,0.10441555946343506,16.77793689151357
Adams,2025-10-01,5.0,7.701665588983508,low,3.046787408803632,12.356543769163384,0.0,16.038426255008577
Adams,2025-11-01,12.0,8.3049919337868,low,3.6501137536069237,12.959870113966677,0.0,16.641752599811866
Adams,2025-12-01,8.0,7.910322948644575,low,3.2554447684646988,12.565201128824452,0.0,16.24708361466964
Adams,2026-01-01,8.0,7.077514159230207,low,2.4226359790503302,11.732392339410083,0.0,15.414274825255275
Adams,2026-02-01,13.0,7.069345197229589,low,2.414467017049713,11.724223377409466,0.0,15.406105863254657
Adams,2026-03-01,15.0,12.664569389304782,low,8.009691209124906,17.31944756948466,4.327808723279714,21.001330055329852
Adams,2026-04-01,13.0,10.689563705310063,low,6.034685525130186,15.344441885489939,2.3528030392849946,19.02632437133513
Adams,2026-05-01,11.0,11.222997768318054,low,6.5681195881381775,15.87787594849793,2.886237102292986,19.559758434343124
Adams,2026-06-01,9.0,11.831073518988218,low,7.176195338808341,16.485951699168094,3.4943128529631498,20.167834185013284
Adams,2026-07-01,13.0,12.588081164998703,low,7.933202984818827,17.24295934517858,4.2513204989736355,20.92484183102377
Asotin,2025-08-01,4.0,7.649747210066853,low,2.994869029886977,12.30462539024673,0.0,15.98650787609192
Asotin,2025-09-01,13.0,8.620402756275942,low,3.9655245760960653,13.275280936455818,0.28364209025087384,16.957163422301008
Asotin,2025-10-01,6.0,8.033566904551487,low,3.37868872437161,12.688445084731363,0.0,16.370327570576556
Asotin,2025-11-01,9.0,6.734882844379889,low,2.080004664200013,11.389761024559766,0.0,15.071643510404957
Asotin,2025-12-01,7.0,5.690215675113396,low,1.0353374949335192,10.345093855293271,0.0,14.026976341138464
Asotin,2026-01-01,7.0,7.18447886046951,low,2.529600680289634,11.839357040649386,0.0,15.521239526494579
Asotin,2026-02-01,0.0,7.902694221031456,low,3.2478160408515793,12.557572401211331,0.0,16.239454887056525
Asotin,2026-03-01,8.0,7.318626948895559,low,2.6637487687156822,11.973505129075434,0.0,15.655387614920627
Asotin,2026-04-01,6.0,7.0733816761232005,low,2.418503495943324,11.728259856303076,0.0,15.41014234214827
Asotin,2026-05-01,6.0,7.705273827218073,low,3.0503956470381963,12.36015200739795,0.0,16.04203449324314
Asotin,2026-06-01,12.0,8.96718895467274,low,4.312310774492863,13.622067134852616,0.6304282886476713,17.303949620697807
Asotin,2026-07-01,9.0,8.72748222483069,low,4.072604044650813,13.382360405010566,0.3907215588056214,17.06424289085576
Benton,2025-08-01,290.0,302.19409390022315,high,192.90192754398322,411.4862602564631,0.0,607.1189803136447
Benton,2025-09-01,308.0,319.6036743991418,high,210.3115080429019,428.89584075538176,14.678787985720305,624.5285608125633
Benton,2025-10-01,286.0,315.5191707460193,high,206.22700438977938,424.81133710225924,10.594284332597795,620.4440571594408
Benton,2025-11-01,256.0,297.7443231578403,high,188.45215680160038,407.03648951408024,0.0,602.6692095712618
Benton,2025-12-01,263.0,299.0650934010744,high,189.7729270448345,408.35725975731435,0.0,603.9899798144959
Benton,2026-01-01,253.0,299.7995810530935,high,190.50741469685357,409.09174740933344,0.0,604.7244674665151
Benton,2026-02-01,259.0,290.42571749718525,high,181.13355114094531,399.7178838534252,0.0,595.3506039106068
Benton,2026-03-01,327.0,320.1965277445829,high,210.90436138834298,429.48869410082284,15.27164133116139,625.1214141580044
Benton,2026-04-01,353.0,327.3228054859173,high,218.03063912967735,436.6149718421572,22.397919072495768,632.2476918993389
Benton,2026-05-01,308.0,337.2279260769873,high,227.93575972074734,446.5200924332272,32.303039663565755,642.1528124904088
Benton,2026-06-01,342.0,350.9911199334953,high,241.6989535772554,460.28328628973526,46.06623352007381,655.9160063469169
Benton,2026-07-01,377.0,363.92597162614516,high,254.63380526990522,473.2181379823851,59.00108521272364,668.8508580395667
Chelan,2025-08-01,127.0,146.75190126668798,high,37.45973491044805,256.0440676229279,0.0,451.6767876801095
Chelan,2025-09-01,132.0,152.476201661584,high,43.18403530534408,261.76836801782395,0.0,457.40108807500553
Chelan,2025-10-01,160.0,150.31639913299753,high,41.0242327767576,259.60856548923744,0.0,455.241285546419
Chelan,2025-11-01,105.0,137.85087075102416,high,28.55870439478423,247.1430371072641,0.0,442.7757571644457
Chelan,2025-12-01,120.0,142.22316128446633,high,32.9309949282264,251.51532764070626,0.0,447.1480476978878
Chelan,2026-01-01,149.0,147.64383506564414,high,38.35166870940421,256.93600142188404,0.0,452.56872147906563
Chelan,2026-02-01,123.0,143.31235386219694,high,34.02018750595701,252.60452021843687,0.0,448.23724027561843
Chelan,2026-03-01,153.0,151.88643116729185,high,42.594264811051914,261.1785975235318,0.0,456.81131758071336
Chelan,2026-04-01,185.0,169.5053746813313,high,60.21320832509136,278.79754103757125,0.0,474.43026109475284
Chelan,2026-05-01,153.0,169.91691032943422,high,60.624743973194285,279.2090766856742,0.0,474.84179674285576
Chelan,2026-06-01,188.0,166.97172516521178,high,57.67955880897185,276.2638915214517,0.0,471.89661157863327
Chelan,2026-07-01,171.0,176.31266397995566,high,67.02049762371573,285.6048303361956,0.0,481.2375503933772
Clallam,2025-08-01,112.0,118.38059009750033,medium,105.12482895515036,131.63635123985028,95.30196463499992,141.45921556000076
Clallam,2025-09-01,139.0,120.7549342007796,medium,107.49917305842963,134.01069534312956,97.67630873827919,143.83355966328003
Clallam,2025-10-01,117.0,138.1218435488987,medium,124.86608240654874,151.37760469124868,115.0432180863983,161.20046901139912
Clallam,2025-11-01,81.0,122.19747041480673,medium,108.94170927245676,135.4532315571567,99.11884495230632,145.27609587730714
Clallam,2025-12-01,97.0,125.05230510802366,medium,111.79654396567369,138.30806625037363,101.97367964552325,148.13093057052407
Clallam,2026-01-01,100.0,112.9989264132052,medium,99.74316527085523,126.25468755555517,89.92030095070479,136.0775518757056
Clallam,2026-02-01,100.0,102.42960102276092,medium,89.17383988041095,115.68536216511089,79.35097556026051,125.50822648526133
Clallam,2026-03-01,158.0,121.44430131327039,medium,108.18854017092042,134.70006245562035,98.36567585076997,144.5229267757708
Clallam,2026-04-01,133.0,134.49326772409873,medium,121.23750658174876,147.7490288664487,111.41464226159832,157.57189318659914
Clallam,2026-05-01,124.0,135.18854014578957,medium,121.9327790034396,148.44430128813954,112.10991468328916,158.26716560829
Clallam,2026-06-01,143.0,137.26891262080318,medium,124.01315147845321,150.52467376315315,114.19028715830277,160.3475380833036
Clallam,2026-07-01,132.0,142.00529968680232,medium,128.74953854445235,155.26106082915229,118.9266742243019,165.08392514930273
Clark,2025-08-01,1231.0,1275.112898410227,high,1165.820732053987,1384.405064766467,970.1880119968055,1580.0377848236485
Clark,2025-09-01,1355.0,1390.4486140527533,high,1281.1564476965134,1499.7407804089933,1085.5237276393318,1695.3735004661748
Clark,2025-10-01,1292.0,1331.1634830000594,high,1221.8713166438195,1440.4556493562993,1026.2385965866379,1636.088369413481
Clark,2025-11-01,971.0,1453.3247593142291,high,1344.0325929579892,1562.616925670469,1148.3998729008076,1758.2496457276507
Clark,2025-12-01,1181.0,1349.4062444996475,high,1240.1140781434076,1458.6984108558875,1044.481358086226,1654.331130913069
Clark,2026-01-01,1129.0,1191.9156168235938,high,1082.623450467354,1301.2077831798338,886.9907304101723,1496.8405032370154
Clark,2026-02-01,1084.0,1140.684864878822,high,1031.3926985225821,1249.977031235062,835.7599784654005,1445.6097512922436
Clark,2026-03-01,1300.0,1216.7621879249434,high,1107.4700215687035,1326.0543542811834,911.8373015115219,1521.687074338365
Clark,2026-04-01,1342.0,1273.7716635215263,high,1164.4794971652864,1383.0638298777662,968.8467771081048,1578.6965499349478
Clark,2026-05-01,1316.0,1438.512660612568,high,1329.220494256328,1547.804826968808,1133.5877741991465,1743.4375470259895
Clark,2026-06-01,1477.0,1506.4586152024303,high,1397.1664488461904,1615.7507815586703,1201.5337287890088,1811.3835016158519
Clark,2026-07-01,1497.0,1400.1187262636593,high,1290.8265599074193,1509.4108926198992,1095.1938398502377,1705.0436126770808
Columbia,2025-08-01,2.0,2.6430337189638347,low,0.0,7.2979118991437115,0.0,10.979794384988903
Columbia,2025-09-01,1.0,2.8921096979696683,low,0.0,7.546987878149545,0.0,11.228870363994737
Columbia,2025-10-01,5.0,3.083023146216285,low,0.0,7.737901326396162,0.0,11.419783812241352
Columbia,2025-11-01,1.0,2.2237180999247217,low,0.0,6.878596280104598,0.0,10.560478765949789
Columbia,2025-12-01,1.0,1.6100897023762872,low,0.0,6.264967882556164,0.0,9.946850368401355
Columbia,2026-01-01,0.0,1.8142479669089748,low,0.0,6.4691261470888515,0.0,10.151008632934042
Columbia,2026-02-01,1.0,1.3196928277996145,low,0.0,5.974571007979491,0.0,9.656453493824682
Columbia,2026-03-01,2.0,1.836794311489116,low,0.0,6.491672491668993,0.0,10.173554977514184
Columbia,2026-04-01,1.0,2.1698285414901255,low,0.0,6.824706721670002,0.0,10.506589207515194
Columbia,2026-05-01,3.0,3.3729380558268014,low,0.0,8.027816236006679,0.0,11.709698721851868
Columbia,2026-06-01,2.0,3.250995539243723,low,0.0,7.9058737194235995,0.0,11.587756205268791
Columbia,2026-07-01,2.0,2.4557389003349788,low,0.0,7.110617080514855,0.0,10.792499566360046
Cowlitz,2025-08-01,110.0,95.3545397148591,medium,82.09877857250913,108.61030085720907,72.27591425235869,118.43316517735951
Cowlitz,2025-09-01,102.0,106.11245042179675,medium,92.85668927944678,119.36821156414672,83.03382495929634,129.19107588429716
Cowlitz,2025-10-01,122.0,105.46524793393317,medium,92.2094867915832,118.72100907628314,82.38662247143276,128.54387339643358
Cowlitz,2025-11-01,79.0,111.4927000533558,medium,98.23693891100584,124.74846119570577,88.41407459085539,134.57132551585622
Cowlitz,2025-12-01,102.0,104.30116414766341,medium,91.04540300531345,117.55692529001338,81.222538685163,127.37978961016383
Cowlitz,2026-01-01,113.0,107.49402961263927,medium,94.2382684702893,120.74979075498923,84.41540415013885,130.57265507513966
Cowlitz,2026-02-01,77.0,104.7611585907475,medium,91.50539744839753,118.01691973309747,81.68253312824709,127.83978405324791
Cowlitz,2026-03-01,134.0,114.82252615499272,medium,101.56676501264275,128.07828729734268,91.7439006924923,137.90115161749313
Cowlitz,2026-04-01,147.0,117.01271892637047,medium,103.7569577840205,130.26848006872044,93.93409346387006,140.09134438887088
Cowlitz,2026-05-01,121.0,130.1959257945699,medium,116.94016465221992,143.45168693691986,107.11730033206948,153.2745512570703
Cowlitz,2026-06-01,144.0,139.2610784885407,medium,126.00531734619074,152.51683963089067,116.18245302604029,162.33970395104112
Cowlitz,2026-07-01,138.0,139.94953009934753,medium,126.69376895699756,153.2052912416975,116.87090463684711,163.02815556184794
Douglas,2025-08-01,42.0,53.39528348673834,medium,40.139522344388375,66.65104462908832,30.31665802423793,76.47390894923876
Douglas,2025-09-01,48.0,56.92486585766721,medium,43.66910471531724,70.18062700001718,33.846240395166795,80.00349132016763
Douglas,2025-10-01,56.0,56.73905718609371,medium,43.48329604374374,69.99481832844367,33.6604317235933,79.81768264859411
Douglas,2025-11-01,52.0,55.387899986431655,medium,42.13213884408169,68.64366112878162,32.30927452393124,78.46652544893206
Douglas,2025-12-01,30.0,52.32909724366863,medium,39.07333610131866,65.5848583860186,29.250471781168216,75.40772270616904
Douglas,2026-01-01,49.0,51.73109737596155,medium,38.47533623361158,64.98685851831152,28.652471913461135,74.80972283846197
Douglas,2026-02-01,38.0,54.16414881687037,medium,40.908387674520405,67.41990995922035,31.08552335436996,77.24277427937079
Douglas,2026-03-01,40.0,50.73513529845495,medium,37.47937415610498,63.99089644080492,27.656509835954537,73.81376076095536
Douglas,2026-04-01,65.0,57.324024108548016,medium,44.06826296619805,70.57978525089798,34.245398646047605,80.40264957104843
Douglas,2026-05-01,52.0,59.364400356745456,medium,46.10863921439549,72.62016149909542,36.285774894245044,82.44302581924586
Douglas,2026-06-01,68.0,57.05941253776837,medium,43.8036513954184,70.31517368011833,33.980787075267955,80.13803800026878
Douglas,2026-07-01,57.0,64.91256016079011,medium,51.65679901844014,78.16832130314008,41.833934698289696,87.99118562329052
Ferry,2025-08-01,2.0,3.180673484191288,low,0.0,7.835551664371165,0.0,11.517434150216356
Ferry,2025-09-01,4.0,3.793684889533239,low,0.0,8.448563069713115,0.0,12.130445555558307
Ferry,2025-10-01,3.0,4.155672825673935,low,0.0,8.81055100585381,0.0,12.492433491699003
Ferry,2025-11-01,7.0,4.032785233325219,low,0.0,8.687663413505096,0.0,12.369545899350287
Ferry,2025-12-01,3.0,3.218712558750533,low,0.0,7.873590738930409,0.0,11.5554732247756
Ferry,2026-01-01,2.0,3.3313773259245734,low,0.0,7.98625550610445,0.0,11.668137991949642
Ferry,2026-02-01,4.0,3.8113861538908633,low,0.0,8.46626433407074,0.0,12.148146819915931
Ferry,2026-03-01,6.0,4.441949373687075,low,0.0,9.096827553866952,0.0,12.778710039712143
Ferry,2026-04-01,7.0,4.704294774019178,low,0.04941659383930119,9.359172954199053,0.0,13.041055440044246
Ferry,2026-05-01,4.0,4.488234685395249,low,0.0,9.143112865575127,0.0,12.824995351420316
Ferry,2026-06-01,6.0,3.9153219433915294,low,0.0,8.570200123571405,0.0,12.252082609416597
Ferry,2026-07-01,5.0,3.95049576759572,low,0.0,8.605373947775597,0.0,12.287256433620788
Franklin,2025-08-01,105.0,95.12681728361177,medium,81.8710561412618,108.38257842596174,72.04819182111136,118.20544274611218
Franklin,2025-09-01,93.0,97.07806605110103,medium,83.82230490875106,110.333827193451,73.99944058860062,120.15669151360144
Franklin,2025-10-01,98.0,96.85566672650397,medium,83.599905584154,110.11142786885394,73.77704126400356,119.93429218900438
Franklin,2025-11-01,67.0,87.94028530496931,medium,74.68452416261934,101.19604644731928,64.8616598424689,111.01891076746972
Franklin,2025-12-01,71.0,87.20996418680949,medium,73.95420304445952,100.46572532915945,64.13133872430907,110.2885896493099
Franklin,2026-01-01,94.0,90.5458848515491,medium,77.29012370919914,103.80164599389907,67.46725938904869,113.62451031404952
Franklin,2026-02-01,74.0,93.98538069838591,medium,80.72961955603594,107.24114184073588,70.9067552358855,117.06400616088632
Franklin,2026-03-01,114.0,100.83724880292577,medium,87.5814876605758,114.09300994527574,77.75862334042536,123.91587426542618
Franklin,2026-04-01,128.0,110.70252427144668,medium,97.44676312909671,123.95828541379665,87.62389880894627,133.78114973394707
Franklin,2026-05-01,110.0,112.28682311266215,medium,99.03106197031218,125.54258425501212,89.20819765016174,135.36544857516256
Franklin,2026-06-01,135.0,110.92286488660847,medium,97.6671037442585,124.17862602895843,87.84423942410805,134.00149034910888
Franklin,2026-07-01,110.0,116.75900579453267,medium,103.5032446521827,130.01476693688264,93.68038033203226,139.83763125703308
Garfield,2025-08-01,0.0,0.2816994824221498,low,0.0,4.936577662602026,0.0,8.618460148447218
Garfield,2025-09-01,0.0,0.2968729963277546,low,0.0,4.951751176507631,0.0,8.633633662352823
Garfield,2025-10-01,1.0,0.2761589524548753,low,0.0,4.931037132634752,0.0,8.612919618479943
Garfield,2025-11-01,0.0,0.00229139684770204,low,0.0,4.657169577027578,0.0,8.33905206287277
Garfield,2025-12-01,0.0,0.02191712056217612,low,0.0,4.676795300742053,0.0,8.358677786587243
Garfield,2026-01-01,0.0,0.006642912393233194,low,0.0,4.66152109257311,0.0,8.3434035784183
Garfield,2026-02-01,0.0,0.0,low,0.0,4.654878180179876,0.0,8.336760666025068
Garfield,2026-03-01,0.0,0.007610108083369359,low,0.0,4.662488288263246,0.0,8.344370774108437
Garfield,2026-04-01,2.0,0.0,low,0.0,4.654878180179876,0.0,8.336760666025068
Garfield,2026-05-01,0.0,0.123540657515694,low,0.0,4.77841883769557,0.0,8.460301323540762
Garfield,2026-06-01,0.0,0.1609296580585168,low,0.0,4.815807838238393,0.0,8.497690324083585
Garfield,2026-07-01,1.0,0.1141199912392626,low,0.0,4.768998171419139,0.0,8.45088065726433
Grant,2025-08-01,94.0,77.50887056219966,medium,64.2531094198497,90.76463170454963,54.43024509969925,100.58749602470007
Grant,2025-09-01,95.0,78.1567783624637,medium,64.90101722011373,91.41253950481367,55.078152899963285,101.23540382496411
Grant,2025-10-01,95.0,89.54417286615957,medium,76.2884117238096,102.79993400850954,66.46554740365916,112.62279832865998
Grant,2025-11-01,60.0,82.82941332537955,medium,69.57365218302958,96.08517446772952,59.750787862879136,105.90803878787996
Grant,2025-12-01,81.0,78.09683881963092,medium,64.84107767728095,91.35259996198089,55.018213357130506,101.17546428213133
Grant,2026-01-01,65.0,74.62517797894161,medium,61.36941683659164,87.88093912129158,51.546552516441196,97.70380344144202
Grant,2026-02-01,69.0,72.02489176048725,medium,58.76913061813728,85.28065290283722,48.94626629798684,95.10351722298766
Grant,2026-03-01,102.0,89.79471586572056,medium,76.5389547233706,103.05047700807053,66.71609040322015,112.87334132822097
Grant,2026-04-01,96.0,100.86465126238593,medium,87.60889012003597,114.1204124047359,77.78602579988552,123.94327672488635
Grant,2026-05-01,99.0,95.87000266836027,medium,82.6142415260103,109.12576381071024,72.79137720585986,118.94862813086068
Grant,2026-06-01,119.0,88.11420169466469,medium,74.85844055231472,101.36996283701465,65.03557623216427,111.1928271571651
Grant,2026-07-01,108.0,98.73610024529059,medium,85.48033910294062,111.99186138764055,75.65747478279017,121.814725707791
Grays Harbor,2025-08-01,68.0,75.24456683641483,medium,61.988805694064865,88.5003279787648,52.16594137391442,98.32319229891525
Grays Harbor,2025-09-01,72.0,76.13663304729874,medium,62.880871904948776,89.39239418964871,53.05800758479833,99.21525850979916
Grays Harbor,2025-10-01,89.0,74.86377097386023,medium,61.60800983151026,88.1195321162102,51.785145511359815,97.94239643636064
Grays Harbor,2025-11-01,61.0,73.4523405344967,medium,60.19657939214673,86.70810167684667,50.37371507199629,96.53096599699711
Grays Harbor,2025-12-01,65.0,69.79153791297622,medium,56.535776770626256,83.04729905532619,46.71291245047581,92.87016337547664
Grays Harbor,2026-01-01,81.0,73.89693809424337,medium,60.6411769518934,87.15269923659334,50.818312631742955,96.97556355674378
Grays Harbor,2026-02-01,48.0,71.67544841572592,medium,58.419687273375956,84.93120955807589,48.59682295322551,94.75407387822634
Grays Harbor,2026-03-01,92.0,79.50859769438279,medium,66.25283655203282,92.76435883673275,56.429972231882374,102.5872231568832
Grays Harbor,2026-04-01,99.0,84.48057240865406,medium,71.22481126630409,97.73633355100402,61.40194694615364,107.55919787115447
Grays Harbor,2026-05-01,74.0,82.48258635453182,medium,69.22682521218185,95.73834749688179,59.40396089203141,105.56121181703223
Grays Harbor,2026-06-01,87.0,90.6885405163877,medium,77.43277937403774,103.94430165873767,67.60991505388729,113.76716597888812
Grays Harbor,2026-07-01,101.0,98.32647513492057,medium,85.0707139925706,111.58223627727054,75.24784967242016,121.40510059742098
Island,2025-08-01,212.0,256.9009958356211,high,147.60882947938114,366.193162191861,0.0,561.8258822490426
Island,2025-09-01,229.0,233.63678412151322,high,124.34461776527328,342.9289504777531,0.0,538.5616705349347
Island,2025-10-01,231.0,250.66409215127032,high,141.3719257950304,359.95625850751026,0.0,555.5889785646918
Island,2025-11-01,186.0,215.40937420954162,high,106.1172078533017,324.70154056578156,0.0,520.3342606229631
Island,2025-12-01,201.0,249.35495947956585,high,140.06279312332592,358.6471258358058,0.0,554.2798458929874
Island,2026-01-01,196.0,236.71225096826691,high,127.42008461202698,346.00441732450685,0.0,541.6371373816885
Island,2026-02-01,194.0,214.40995160956044,high,105.1177852533205,323.70211796580037,0.0,519.334838022982
Island,2026-03-01,210.0,251.39600652083115,high,142.10384016459122,360.6881728770711,0.0,556.3208929342527
Island,2026-04-01,230.0,241.8200869429932,high,132.52792058675328,351.11225329923315,0.0,546.7449733564147
Island,2026-05-01,212.0,244.13275102043752,high,134.8405846641976,353.42491737667746,0.0,549.0576374338591
Island,2026-06-01,283.0,241.3252099970377,high,132.03304364079776,350.6173763532776,0.0,546.2500964104593
Island,2026-07-01,281.0,282.787712748026,high,173.4955463917861,392.07987910426596,0.0,587.7125991614475
Jefferson,2025-08-01,108.0,111.15861558974501,medium,97.90285444739504,124.41437673209498,88.0799901272446,134.23724105224542
Jefferson,2025-09-01,98.0,110.92267212274453,medium,97.66691098039456,124.1784332650945,87.84404666024412,134.00129758524494
Jefferson,2025-10-01,119.0,108.4337973226658,medium,95.17803618031583,121.68955846501576,85.35517186016538,131.51242278516622
Jefferson,2025-11-01,77.0,105.51746288994303,medium,92.26170174759307,118.773224032293,82.43883742744262,128.59608835244345
Jefferson,2025-12-01,110.0,106.07207212595387,medium,92.8163109836039,119.32783326830383,82.99344666345345,129.15069758845428
Jefferson,2026-01-01,94.0,106.94082445208215,medium,93.68506330973219,120.19658559443212,83.86219898958174,130.01944991458257
Jefferson,2026-02-01,100.0,103.75920219564146,medium,90.5034410532915,117.01496333799143,80.68057673314105,126.83782765814188
Jefferson,2026-03-01,127.0,113.6876434619974,medium,100.43188231964743,126.94340460434736,90.60901799949698,136.7662689244978
Jefferson,2026-04-01,107.0,111.8787909632823,medium,98.62302982093233,125.13455210563227,88.80016550078189,134.9574164257827
Jefferson,2026-05-01,116.0,119.01481632610108,medium,105.75905518375112,132.27057746845105,95.93619086360067,142.0934417886015
Jefferson,2026-06-01,123.0,125.03570549610338,medium,111.77994435375341,138.29146663845336,101.95708003360296,148.11433095860377
Jefferson,2026-07-01,123.0,136.151404533081,medium,122.89564339073104,149.40716567543097,113.0727790705806,159.23002999558142
King,2025-08-01,1949.0,1033.33371173521,high,924.0415453789701,1142.62587809145,728.4088253217885,1338.2585981486316
King,2025-09-01,1951.0,1032.1551089607672,high,922.8629426045272,1141.447275317007,727.2302225473456,1337.0799953741887
King,2025-10-01,2143.0,1048.263669597707,high,938.971503241467,1157.5558359539468,743.3387831842854,1353.1885560111284
King,2025-11-01,1361.0,1173.1702776717782,high,1063.8781113155383,1282.4624440280181,868.2453912583567,1478.0951640851997
King,2025-12-01,1635.0,845.0295668054142,high,735.7374004491743,954.3217331616542,540.1046803919927,1149.9544532188356
King,2026-01-01,1611.0,959.5470030241322,high,850.2548366678923,1068.8391693803721,654.6221166107107,1264.4718894375537
King,2026-02-01,1475.0,938.791977291076,high,829.4998109348361,1048.084143647316,633.8670908776545,1243.7168637044974
King,2026-03-01,1708.0,931.5404774341789,high,822.248311077939,1040.8326437904188,626.6155910207574,1236.4653638476004
King,2026-04-01,1845.0,951.9591502613042,high,842.6669839050643,1061.251316617544,647.0342638478827,1256.8840366747258
King,2026-05-01,1941.0,955.3194111867314,high,846.0272448304914,1064.6115775429712,650.3945247733099,1260.244297600153
King,2026-06-01,2092.0,961.5651050879992,high,852.2729387317593,1070.8572714442391,656.6402186745777,1266.4899915014207
King,2026-07-01,2065.0,981.037145831391,high,871.744979475151,1090.3293121876309,676.1122594179694,1285.9620322448125
Kitsap,2025-08-01,654.0,776.7632327386477,high,667.4710663824078,886.0553990948877,471.8383463252262,1081.6881191520692
Kitsap,2025-09-01,685.0,759.3674652649935,high,650.0752989087536,868.6596316212334,454.44257885157197,1064.292351678415
Kitsap,2025-10-01,689.0,726.7921840377929,high,617.500017681553,836.0843503940329,421.8672976243714,1031.7170704512146
Kitsap,2025-11-01,521.0,722.8234335518347,high,613.5312671955948,832.1155999080746,417.89854713841316,1027.748319965256
Kitsap,2025-12-01,706.0,705.2250626353509,high,595.932896279111,814.5172289915909,400.3001762219294,1010.1499490487724
Kitsap,2026-01-01,704.0,710.1766729693337,high,600.8845066130938,819.4688393255736,405.2517865559122,1015.1015593827552
Kitsap,2026-02-01,618.0,725.5355867179392,high,616.2434203616992,834.8277530741791,420.61070030451765,1030.4604731313607
Kitsap,2026-03-01,775.0,780.2933670219746,high,671.0012006657347,889.5855333782146,475.3684806085531,1085.218253435396
Kitsap,2026-04-01,767.0,809.149271990504,high,699.857105634264,918.4414383467439,504.22438557708244,1114.0741584039256
Kitsap,2026-05-01,792.0,818.1468722318751,high,708.8547058756352,927.4390385881151,513.2219858184536,1123.0717586452965
Kitsap,2026-06-01,858.0,860.5772976749037,high,751.2851313186637,969.8694640311436,555.6524112614821,1165.502184088325
Kitsap,2026-07-01,780.0,889.6279217859465,high,780.3357554297065,998.9200881421864,584.7030353725249,1194.552808199368
Kittitas,2025-08-01,108.0,91.69270732987104,medium,78.43694618752107,104.94846847222101,68.61408186737063,114.77133279237145
Kittitas,2025-09-01,84.0,98.52213682215917,medium,85.2663756798092,111.77789796450914,75.44351135965876,121.60076228465958
Kittitas,2025-10-01,98.0,95.85564060554735,medium,82.59987946319738,109.11140174789732,72.77701514304694,118.93426606804776
Kittitas,2025-11-01,72.0,89.95922839113663,medium,76.70346724878667,103.2149895334866,66.88060292863622,113.03785385363705
Kittitas,2025-12-01,99.0,85.05468772943938,medium,71.79892658708941,98.31044887178935,61.97606226693897,108.13331319193979
Kittitas,2026-01-01,83.0,96.07844370173439,medium,82.82268255938442,109.33420484408435,72.99981823923397,119.1570691642348
Kittitas,2026-02-01,81.0,92.42897847053568,medium,79.17321732818571,105.68473961288565,69.35035300803527,115.5076039330361
Kittitas,2026-03-01,71.0,101.67435406285105,medium,88.41859292050108,114.93011520520102,78.59572860035064,124.75297952535146
Kittitas,2026-04-01,81.0,92.39255086157831,medium,79.13678971922835,105.64831200392828,69.3139253990779,115.47117632407873
Kittitas,2026-05-01,106.0,97.75102888456577,medium,84.4952677422158,111.00679002691574,74.67240342206536,120.82965434706618
Kittitas,2026-06-01,107.0,102.87212145663464,medium,89.61636031428468,116.12788259898461,79.79349599413423,125.95074691913506
Kittitas,2026-07-01,134.0,103.14129910391588,medium,89.88553796156592,116.39706024626585,80.06267364141547,126.2199245664163
Klickitat,2025-08-01,31.0,40.216287414621085,medium,26.960526272271117,53.47204855697105,17.137661952120673,63.2949128771215
Klickitat,2025-09-01,34.0,38.443277262387674,medium,25.187516120037706,51.69903840473764,15.364651799887262,61.521902724888086
Klickitat,2025-10-01,42.0,40.286714202884525,medium,27.030953060534557,53.54247534523449,17.208088740384113,63.36533966538494
Klickitat,2025-11-01,26.0,37.04369790476403,medium,23.787936762414063,50.299459047114,13.965072442263619,60.12232336726444
Klickitat,2025-12-01,41.0,36.6682273831739,medium,23.41246624082393,49.92398852552387,13.589601920673488,59.74685284567431
Klickitat,2026-01-01,32.0,42.747707967047184,medium,29.491946824697216,56.00346910939715,19.669082504546772,65.82633342954759
Klickitat,2026-02-01,31.0,36.08037385366474,medium,22.82461271131477,49.33613499601471,13.001748391164327,59.15899931616515
Klickitat,2026-03-01,45.0,36.937449466445976,medium,23.681688324096008,50.193210608795944,13.858824003945564,60.01607492894639
Klickitat,2026-04-01,51.0,43.727128614638026,medium,30.47136747228806,56.982889756987994,20.648503152137614,66.80575407713843
Klickitat,2026-05-01,31.0,38.27853666636921,medium,25.022775524019245,51.53429780871918,15.199911203868801,61.357162128869625
Klickitat,2026-06-01,40.0,42.48691444567846,medium,29.23115330332849,55.742675588028426,19.408288983178046,65.56553990817886
Klickitat,2026-07-01,52.0,48.23999743818193,medium,34.98423629583196,61.4957585805319,25.16137197568152,71.31862290068234
Lewis,2025-08-01,78.0,83.91986992907202,medium,70.66410878672205,97.17563107142199,60.84124446657161,106.99849539157243
Lewis,2025-09-01,76.0,78.64002732141627,medium,65.3842661790663,91.89578846376624,55.56140185891586,101.71865278391668
Lewis,2025-10-01,85.0,77.50391108746005,medium,64.24814994511009,90.75967222981002,54.42528562495964,100.58253654996047
Lewis,2025-11-01,60.0,75.15533852775539,medium,61.89957738540542,88.41109967010536,52.07671306525498,98.2339639902558
Lewis,2025-12-01,80.0,78.47144112644364,medium,65.21567998409367,91.7272022687936,55.392815663943225,101.55006658894405
Lewis,2026-01-01,73.0,84.01795470957092,medium,70.76219356722095,97.27371585192088,60.9393292470705,107.09658017207133
Lewis,2026-02-01,73.0,73.9453436773174,medium,60.68958253496743,87.20110481966736,50.866718214816984,97.02396913981781
Lewis,2026-03-01,78.0,85.88079465720796,medium,72.62503351485799,99.13655579955793,62.802169194707545,108.95942011970837
Lewis,2026-04-01,109.0,85.13377139996076,medium,71.8780102576108,98.38953254231073,62.05514593746035,108.21239686246118
Lewis,2026-05-01,109.0,101.40959265466272,medium,88.15383151231275,114.66535379701268,78.3309671921623,124.48821811716313
Lewis,2026-06-01,93.0,89.5000892516537,medium,76.24432810930374,102.75585039400367,66.4214637891533,112.57871471415412
Lewis,2026-07-01,110.0,94.15070197495373,medium,80.89494083260377,107.4064631173037,71.07207651245332,117.22932743745415
Lincoln,2025-08-01,2.0,4.74137489238856,low,0.08649671220868349,9.396253072568436,0.0,13.078135558413628
Lincoln,2025-09-01,6.0,4.993729398862607,low,0.3388512186827306,9.648607579042483,0.0,13.330490064887675
Lincoln,2025-10-01,5.0,4.7803981763823105,low,0.12551999620243404,9.435276356562188,0.0,13.117158842407378
Lincoln,2025-11-01,4.0,4.321591872518426,low,0.0,8.976470052698303,0.0,12.658352538543493
Lincoln,2025-12-01,7.0,4.1102708429147485,low,0.0,8.765149023094626,0.0,12.447031508939816
Lincoln,2026-01-01,5.0,5.953354681392334,low,1.2984765012124573,10.60823286157221,0.0,14.290115347417402
Lincoln,2026-02-01,9.0,4.637092171242086,low,0.0,9.291970351421963,0.0,12.973852837267154
Lincoln,2026-03-01,7.0,6.5347387790564735,low,1.879860598876597,11.18961695923635,0.0,14.871499445081541
Lincoln,2026-04-01,8.0,6.285217933234449,low,1.6303397530545727,10.940096113414326,0.0,14.621978599259517
Lincoln,2026-05-01,8.0,7.265461499144723,low,2.6105833189648466,11.920339679324599,0.0,15.602222165169792
Lincoln,2026-06-01,6.0,6.28323119424889,low,1.6283530140690132,10.938109374428766,0.0,14.619991860273958
Lincoln,2026-07-01,1.0,6.227514012034855,low,1.5726358318549787,10.88239219221473,0.0,14.564274678059924
Mason,2025-08-01,93.0,104.90773799964427,medium,91.6519768572943,118.16349914199424,81.82911253714386,127.98636346214468
Mason,2025-09-01,104.0,107.12781317977178,medium,93.87205203742181,120.38357432212175,84.04918771727137,130.2064386422722
Mason,2025-10-01,123.0,103.85439461036188,medium,90.59863346801191,117.11015575271185,80.77576914786147,126.93302007286229
Mason,2025-11-01,81.0,87.09986833449541,medium,73.84410719214544,100.35562947684538,64.021242871995,110.17849379699582
Mason,2025-12-01,105.0,104.64307513356228,medium,91.38731399121231,117.89883627591225,81.56444967106187,127.72170059606269
Mason,2026-01-01,98.0,109.89027814152428,medium,96.63451699917431,123.14603928387425,86.81165267902387,132.9689036040247
Mason,2026-02-01,88.0,102.54851093863019,medium,89.29274979628022,115.80427208098016,79.46988547612978,125.6271364011306
Mason,2026-03-01,123.0,114.54211958819448,medium,101.28635844584451,127.79788073054445,91.46349412569407,137.6207450506949
Mason,2026-04-01,119.0,114.84761301199984,medium,101.59185186964987,128.1033741543498,91.76898754949943,137.92623847450025
Mason,2026-05-01,111.0,116.28864456480127,medium,103.0328834224513,129.54440570715124,93.21001910230086,139.36727002730169
Mason,2026-06-01,114.0,130.8548851583241,medium,117.59912401597413,144.11064630067406,107.77625969582368,153.9335106208245
Mason,2026-07-01,133.0,132.42557397425747,medium,119.1698128319075,145.68133511660744,109.34694851175706,155.5041994367579
Okanogan,2025-08-01,20.0,35.09288495794421,low,30.43800677776433,39.747763138124085,26.75612429191914,43.42964562396928
Okanogan,2025-09-01,31.0,32.07891857174165,low,27.424040391561775,36.73379675192153,23.742157905716585,40.415679237766724
Okanogan,2025-10-01,29.0,32.254416937732344,low,27.599538757552466,36.90929511791222,23.917656271707276,40.591177603757416
Okanogan,2025-11-01,21.0,27.34820976148565,low,22.69333158130577,32.00308794166553,19.01144909546058,35.68497042751072
Okanogan,2025-12-01,31.0,29.43010650780419,low,24.775228327624312,34.08498468798407,21.093345841779122,37.766867173829255
Okanogan,2026-01-01,42.0,33.273362533630234,low,28.618484353450356,37.92824071381011,24.936601867605166,41.610123199655305
Okanogan,2026-02-01,26.0,32.052483490691884,low,27.397605310512006,36.70736167087176,23.715722824666816,40.389244156716956
Okanogan,2026-03-01,34.0,29.761563559130686,low,25.106685378950807,34.416441739310564,21.424802893105618,38.09832422515575
Okanogan,2026-04-01,41.0,39.234037370960856,low,34.57915919078098,43.888915551140734,30.897276704935788,47.57079803698592
Okanogan,2026-05-01,31.0,39.46623413089998,low,34.8113559507201,44.121112311079855,31.12947346487491,47.80299479692505
Okanogan,2026-06-01,40.0,39.554897485609764,low,34.900019305429886,44.20977566578964,31.218136819584696,47.89165815163483
Okanogan,2026-07-01,42.0,40.75152224176758,low,36.0966440615877,45.40640042194746,32.41476157574252,49.088282907792646
Pacific,2025-08-01,14.0,21.501124575011215,low,16.84624639483134,26.15600275519109,13.164363908986147,29.837885241036282
Pacific,2025-09-01,26.0,22.53013627276427,low,17.875258092584396,27.185014452944145,14.193375606739203,30.86689693878934
Pacific,2025-10-01,20.0,18.63820883770773,low,13.983330657527853,23.293087017887608,10.301448171682662,26.974969503732797
Pacific,2025-11-01,17.0,21.987076452448427,low,17.33219827226855,26.641954632628305,13.65031578642336,30.323837118473495
Pacific,2025-12-01,11.0,19.264819542544,low,14.609941362364124,23.919697722723875,10.928058876518932,27.601580208569068
Pacific,2026-01-01,23.0,20.465104354402044,low,15.810226174222167,25.119982534581922,12.128343688376976,28.801865020427112
Pacific,2026-02-01,23.0,20.42220881997391,low,15.767330639794034,25.07708700015379,12.085448153948843,28.75896948599898
Pacific,2026-03-01,35.0,22.910635968923536,low,18.255757788743658,27.565514149103414,14.573875302898468,31.247396634948604
Pacific,2026-04-01,21.0,25.85708987321149,low,21.202211693031614,30.511968053391364,17.52032920718642,34.19385053923656
Pacific,2026-05-01,18.0,24.816789521235126,low,20.16191134105525,29.471667701415,16.48002885521006,33.153550187260194
Pacific,2026-06-01,31.0,25.75241987927365,low,21.097541699093775,30.407298059453524,17.41565921324858,34.08918054529872
Pacific,2026-07-01,38.0,29.393037761895688,low,24.738159581715813,34.04791594207556,21.05627709587062,37.729798427920755
Pend Oreille,2025-08-01,6.0,6.254895932359184,low,1.6000177521793075,10.909774112539061,0.0,14.591656598384251
Pend Oreille,2025-09-01,6.0,8.138140903612458,low,3.4832627234325813,12.793019083792334,0.0,16.474901569637524
Pend Oreille,2025-10-01,5.0,7.9035873520074285,low,3.248709171827552,12.558465532187306,0.0,16.240348018032496
Pend Oreille,2025-11-01,7.0,7.6940084807520375,low,3.039130300572161,12.348886660931914,0.0,16.030769146777104
Pend Oreille,2025-12-01,8.0,6.9354620398043485,low,2.280583859624472,11.590340219984224,0.0,15.272222705829417
Pend Oreille,2026-01-01,13.0,6.919951242036678,low,2.2650730618568016,11.574829422216554,0.0,15.256711908061746
Pend Oreille,2026-02-01,6.0,5.766936560010422,low,1.112058379830546,10.4218147401903,0.0,14.10369722603549
Pend Oreille,2026-03-01,7.0,7.067200767273777,low,2.4123225870939002,11.722078947453653,0.0,15.403961433298845
Pend Oreille,2026-04-01,12.0,8.15745270824575,low,3.502574528065873,12.812330888425626,0.0,16.494213374270817
Pend Oreille,2026-05-01,9.0,9.05142617879342,low,4.396547998613544,13.706304358973297,0.7146655127683523,17.388186844818488
Pend Oreille,2026-06-01,13.0,9.661099618022245,low,5.006221437842369,14.315977798202121,1.324338951997177,17.997860284047313
Pend Oreille,2026-07-01,7.0,11.240043444825108,low,6.585165264645232,15.894921625004985,2.9032827788000404,19.576804110850176
Pierce,2025-08-01,1646.0,1192.403677398667,high,1083.111511042427,1301.695843754907,887.4787909852455,1497.3285638120885
Pierce,2025-09-01,1756.0,1104.9058306414634,high,995.6136642852234,1214.1979969977033,799.9809442280418,1409.8307170548849
Pierce,2025-10-01,1832.0,1058.3073682967488,high,949.0152019405089,1167.5995346529887,753.3824818833273,1363.2322547101703
Pierce,2025-11-01,1282.0,1337.9619752610768,high,1228.6698089048368,1447.2541416173167,1033.0370888476552,1642.8868616744983
Pierce,2025-12-01,656.0,877.5376376052018,high,768.2454712489618,986.8298039614417,572.6127511917803,1182.4625240186233
Pierce,2026-01-01,1645.0,933.8565711159795,high,824.5644047597395,1043.1487374722194,628.931684702558,1238.781457529401
Pierce,2026-02-01,1485.0,1219.025485669308,high,1109.733319313068,1328.3176520255479,914.1005992558864,1523.9503720827295
Pierce,2026-03-01,805.0,1100.7900632871438,high,991.4978969309038,1210.0822296433837,795.8651768737222,1405.7149497005653
Pierce,2026-04-01,1909.0,971.4978769441183,high,862.2057105878783,1080.7900433003583,666.5729905306968,1276.4227633575397
Pierce,2026-05-01,1741.0,1103.2551072046504,high,993.9629408484104,1212.5472735608903,798.3302207912288,1408.1799936180719
Pierce,2026-06-01,896.0,1175.911739607838,high,1066.619573251598,1285.2039059640779,870.9868531944164,1480.8366260212595
Pierce,2026-07-01,1005.0,995.1791754258821,high,885.8870090696422,1104.4713417821222,690.2542890124606,1300.1040618393035
San Juan,2025-08-01,95.0,108.25496316564914,high,0.0,217.54712952188908,0.0,413.17984957907066
San Juan,2025-09-01,99.0,108.76034929360449,high,0.0,218.05251564984442,0.0,413.685235707026
San Juan,2025-10-01,99.0,106.27065126441892,high,0.0,215.56281762065885,0.0,411.19553767784043
San Juan,2025-11-01,78.0,101.77064819302747,high,0.0,211.0628145492674,0.0,406.695534606449
San Juan,2025-12-01,92.0,106.97475079701096,high,0.0,216.2669171532509,0.0,411.8996372104325
San Juan,2026-01-01,90.0,107.01097654548555,high,0.0,216.3031429017255,0.0,411.9358629589071
San Juan,2026-02-01,87.0,95.8435103875388,high,0.0,205.13567674377873,0.0,400.7683968009603
San Juan,2026-03-01,111.0,110.70069552740543,high,1.4085291711654975,219.99286188364536,0.0,415.6255819408269
San Juan,2026-04-01,108.0,114.76177092850723,high,5.469604572267301,224.05393728474718,0.0,419.68665734192876
San Juan,2026-05-01,92.0,106.73117700032758,high,0.0,216.02334335656752,0.0,411.6560634137491
San Juan,2026-06-01,113.0,104.512480101564,high,0.0,213.80464645780393,0.0,409.4373665149855
San Juan,2026-07-01,108.0,110.02615581388241,high,0.7339894576424797,219.31832217012234,0.0,414.9510422273039
Skagit,2025-08-01,239.0,298.74348730337516,high,189.45132094713523,408.0356536596151,0.0,603.6683737167966
Skagit,2025-09-01,243.0,290.9310289568043,high,181.63886260056438,400.22319531304424,0.0,595.8559153702258
Skagit,2025-10-01,276.0,270.49150435069106,high,161.19933799445113,379.783670706931,0.0,575.4163907641125
Skagit,2025-11-01,146.0,266.0575199508618,high,156.76535359462184,375.3496863071017,0.0,570.9824063642833
Skagit,2025-12-01,244.0,236.47482806647037,high,127.18266171023043,345.7669944227103,0.0,541.3997144798918
Skagit,2026-01-01,244.0,259.63960030632376,high,150.34743395008383,368.9317666625637,0.0,564.5644867197452
Skagit,2026-02-01,191.0,253.32238729138206,high,144.03022093514213,362.61455364762196,0.0,558.2472737048035
Skagit,2026-03-01,240.0,255.21369682949194,high,145.921530473252,364.50586318573187,0.0,560.1385832429135
Skagit,2026-04-01,280.0,275.43850337870794,high,166.146337022468,384.73066973494787,0.0,580.3633897921295
Skagit,2026-05-01,268.0,294.61240382562835,high,185.32023746938842,403.9045701818683,0.0,599.5372902390499
Skagit,2026-06-01,293.0,318.9123237936022,high,209.62015743736225,428.2044901498421,13.987437380180666,623.8372102070236
Skagit,2026-07-01,288.0,323.87900728463507,high,214.58684092839513,433.171173640875,18.954120871213547,628.8038936980565
Skamania,2025-08-01,30.0,22.08068689172362,low,17.425808711543745,26.735565071903494,13.743926225698551,30.417447557748687
Skamania,2025-09-01,21.0,22.225562707513138,low,17.570684527333263,26.880440887693013,13.88880204148807,30.562323373538206
Skamania,2025-10-01,31.0,21.432752060963278,low,16.777873880783403,26.087630241143152,13.09599139493821,29.769512726988346
Skamania,2025-11-01,11.0,20.398140401754695,low,15.743262221574819,25.053018581934573,12.061379735729627,28.734901067779763
Skamania,2025-12-01,18.0,21.278726314159893,low,16.62384813398002,25.933604494339768,12.941965648134826,29.61548698018496
Skamania,2026-01-01,8.0,19.28868727119457,low,14.633809091014692,23.943565451374447,10.9519266051695,27.625447937219636
Skamania,2026-02-01,18.0,19.998430982797373,low,15.343552802617497,24.65330916297725,11.661670316772305,28.33519164882244
Skamania,2026-03-01,22.0,21.275009262188508,low,16.620131082008633,25.929887442368383,12.93824859616344,29.611769928213576
Skamania,2026-04-01,25.0,21.845895770266917,low,17.191017590087043,26.500773950446792,13.50913510424185,30.182656436291985
Skamania,2026-05-01,22.0,24.385029042838,low,19.73015086265812,29.039907223017877,16.04826837681293,32.72178970886307
Skamania,2026-06-01,32.0,26.31380447434696,low,21.65892629416708,30.968682654526837,17.97704380832189,34.650565140372024
Skamania,2026-07-01,35.0,26.693182323806685,low,22.03830414362681,31.34806050398656,18.356421657781617,35.02994298983175
Snohomish,2025-08-01,1081.0,1192.9356758523688,high,1083.643509496129,1302.2278422086088,888.0107894389473,1497.8605622657903
Snohomish,2025-09-01,1109.0,1166.70965571839,high,1057.41748936215,1276.00182207463,861.7847693049684,1471.6345421318115
Snohomish,2025-10-01,1363.0,1146.96302204868,high,1037.67085569244,1256.2551884049199,842.0381356352584,1451.8879084621014
Snohomish,2025-11-01,890.0,1249.043710516684,high,1139.7515441604442,1358.335876872924,944.1188241032626,1553.9685969301056
Snohomish,2025-12-01,851.0,1194.9575122742433,high,1085.6653459180034,1304.2496786304832,890.0326258608218,1499.8823986876648
Snohomish,2026-01-01,1002.0,1125.14228929202,high,1015.8501229357801,1234.43445564826,820.2174028785985,1430.0671757054415
Snohomish,2026-02-01,812.0,1036.9003813736877,high,927.6082150174477,1146.1925477299276,731.9754949602661,1341.8252677871092
Snohomish,2026-03-01,997.0,1081.2018583250347,high,971.9096919687947,1190.4940246812746,776.2769719116131,1386.1267447384562
Snohomish,2026-04-01,1132.0,1056.1602271631648,high,946.8680608069249,1165.4523935194047,751.2353407497433,1361.0851135765863
Snohomish,2026-05-01,1110.0,1160.9993487371144,high,1051.7071823808744,1270.2915150933543,856.0744623236928,1465.9242351505359
Snohomish,2026-06-01,1203.0,1215.2342279064278,high,1105.9420615501879,1324.5263942626677,910.3093414930063,1520.1591143198493
Snohomish,2026-07-01,1272.0,1170.1616033747575,high,1060.8694370185176,1279.4537697309975,865.236716961336,1475.086489788179
Spokane,2025-08-01,582.0,604.4531654629263,high,495.1609991066864,713.7453318191663,299.5282790495048,909.3780518763479
Spokane,2025-09-01,624.0,613.5940870773435,high,504.30192072110356,722.8862534335834,308.66920066392197,918.518973490765
Spokane,2025-10-01,594.0,610.6953231715486,high,501.40315681530865,719.9874895277885,305.77043675812706,915.6202095849701
Spokane,2025-11-01,444.0,602.8797839393401,high,493.58761758310015,712.17195029558,297.95489752591857,907.8046703527616
Spokane,2025-12-01,481.0,572.6803359534173,high,463.38816959717735,681.9725023096572,267.75544953999577,877.6052223668388
Spokane,2026-01-01,464.0,571.6018064117349,high,462.3096400554949,680.8939727679748,266.67691999831334,876.5266928251564
Spokane,2026-02-01,458.0,532.9179403412045,high,423.62577398496455,642.2101066974444,227.99305392778297,837.842826754626
Spokane,2026-03-01,602.0,587.2010585520044,high,477.90889219576445,696.4932249082443,282.27617213858287,892.1259449654259
Spokane,2026-04-01,613.0,626.1512607299819,high,516.859094373742,735.4434270862218,321.2263743165604,931.0761471434034
Spokane,2026-05-01,641.0,631.3469534355013,high,522.0547870792614,740.6391197917412,326.4220670220798,936.2718398489228
Spokane,2026-06-01,731.0,706.149236508965,high,596.8570701527251,815.441402865205,401.2243500955435,1011.0741229223866
Spokane,2026-07-01,713.0,768.9841409639894,high,659.6919746077494,878.2763073202293,464.05925455056786,1073.909027377411
Stevens,2025-08-01,25.0,24.41135822493498,low,19.7564800447551,29.066236405114857,16.07459755890991,32.74811889096004
Stevens,2025-09-01,26.0,24.91867822616287,low,20.263800045982997,29.573556406342746,16.581917560137803,33.25543889218794
Stevens,2025-10-01,25.0,27.104945660128525,low,22.45006747994865,31.7598238403084,18.768184994103457,35.44170632615359
Stevens,2025-11-01,22.0,25.44119310796572,low,20.786314927785845,30.096071288145595,17.104432441940652,33.77795377399079
Stevens,2025-12-01,21.0,22.585132979165117,low,17.93025479898524,27.240011159344995,14.248372313140049,30.921893645190185
Stevens,2026-01-01,26.0,23.468582599425524,low,18.813704419245646,28.123460779605402,15.131821933400456,31.805343265450592
Stevens,2026-02-01,23.0,28.1210776258989,low,23.46619944571902,32.77595580607878,19.78431695987383,36.45783829192396
Stevens,2026-03-01,33.0,29.63589328742239,low,24.981015107242513,34.29077146760227,21.299132621397323,37.97265395344746
Stevens,2026-04-01,36.0,32.34223629991494,low,27.68735811973506,36.997114480094815,24.00547563388987,40.67899696594
Stevens,2026-05-01,29.0,30.451648714349776,low,25.7967705341699,35.10652689452965,22.11488804832471,38.788409380374844
Stevens,2026-06-01,39.0,33.47426981775821,low,28.819391637578335,38.12914799793809,25.137509151733145,41.811030483783284
Stevens,2026-07-01,43.0,34.944311876480086,low,30.289433696300208,39.599190056659964,26.607551210455018,43.28107254250516
Thurston,2025-08-01,674.0,747.0720551403673,high,637.7798887841274,856.3642214966072,442.1471687269458,1051.996941553789
Thurston,2025-09-01,690.0,748.3260706229197,high,639.0339042666798,857.6182369791596,443.4011842094982,1053.2509570363413
Thurston,2025-10-01,714.0,730.1197719205504,high,620.8276055643105,839.4119382767904,425.1948855071289,1035.044658333972
Thurston,2025-11-01,488.0,714.909398725109,high,605.617232368869,824.2015650813489,409.98451231168747,1019.8342851385305
Thurston,2025-12-01,617.0,702.4313791703039,high,593.139212814064,811.7235455265438,397.5064927568824,1007.3562655837254
Thurston,2026-01-01,559.0,649.9980071742131,high,540.7058408179731,759.290173530453,345.07312076079154,954.9228935876346
Thurston,2026-02-01,594.0,609.2524917494046,high,499.9603253931647,718.5446581056445,304.3276053359831,914.1773781628261
Thurston,2026-03-01,715.0,646.4082955530496,high,537.1161291968097,755.7004619092895,341.48340913962807,951.3331819664711
Thurston,2026-04-01,694.0,733.0479171592457,high,623.7557508030058,842.3400835154856,428.12303074582417,1037.972803572667
Thurston,2026-05-01,690.0,772.9017601507712,high,663.6095937945313,882.1939265070112,467.9768737373497,1077.8266465641927
Thurston,2026-06-01,753.0,776.9679442590109,high,667.675777902771,886.2601106152508,472.0430578455894,1081.8928306724324
Thurston,2026-07-01,827.0,791.6958038048053,high,682.4036374485654,900.9879701610453,486.7709173913838,1096.6206902182269
Wahkiakum,2025-08-01,5.0,6.512645559238951,low,1.8577673790590747,11.167523739418828,0.0,14.849406225264019
Wahkiakum,2025-09-01,9.0,6.099529951886859,low,1.4446517717069822,10.754408132066736,0.0,14.436290617911926
Wahkiakum,2025-10-01,4.0,5.905928198418489,low,1.2510500182386126,10.560806378598365,0.0,14.242688864443558
Wahkiakum,2025-11-01,2.0,5.833063227694873,low,1.1781850475149964,10.48794140787475,0.0,14.16982389371994
Wahkiakum,2025-12-01,2.0,5.7287375467287,low,1.0738593665488239,10.383615726908577,0.0,14.065498212753768
Wahkiakum,2026-01-01,7.0,5.544570896732193,low,0.8896927165523163,10.19944907691207,0.0,13.88133156275726
Wahkiakum,2026-02-01,6.0,5.469573803685602,low,0.8146956235057257,10.124451983865479,0.0,13.80633446971067
Wahkiakum,2026-03-01,8.0,6.38569658242687,low,1.7308184022469932,11.040574762606745,0.0,14.722457248451938
Wahkiakum,2026-04-01,4.0,7.941300027069192,low,3.286421846889316,12.596178207249068,0.0,16.27806069309426
Wahkiakum,2026-05-01,7.0,7.88905557582424,low,3.2341773956443634,12.543933756004115,0.0,16.22581624184931
Wahkiakum,2026-06-01,5.0,6.363182493806261,low,1.7083043136263845,11.018060673986138,0.0,14.699943159831328
Wahkiakum,2026-07-01,8.0,7.741657762295548,low,3.086779582115671,12.396535942475424,0.0,16.078418428320617
Walla Walla,2025-08-01,51.0,58.254931247780306,medium,44.99917010543034,71.51069239013027,35.176305785279894,81.33355671028072
Walla Walla,2025-09-01,53.0,56.95217575201169,medium,43.69641460966172,70.20793689436167,33.87355028951128,80.03080121451211
Walla Walla,2025-10-01,60.0,57.89474391944569,medium,44.63898277709572,71.15050506179566,34.816118456945276,80.9733693819461
Walla Walla,2025-11-01,48.0,55.34106323921065,medium,42.08530209686068,68.59682438156062,32.262437776710236,78.41968870171107
Walla Walla,2025-12-01,54.0,54.670389173909,medium,41.41462803155903,67.92615031625897,31.59176371140859,77.74901463640941
Walla Walla,2026-01-01,47.0,56.449198177412335,medium,43.19343703506237,69.70495931976231,33.37057271491192,79.52782363991275
Walla Walla,2026-02-01,52.0,49.58323592120602,medium,36.32747477885605,62.838997063555986,26.504610458705606,72.66186138370642
Walla Walla,2026-03-01,55.0,58.33824555058779,medium,45.082484408237825,71.59400669293777,35.25962008808738,81.41687101308821
Walla Walla,2026-04-01,56.0,61.72021006489752,medium,48.464448922547554,74.97597120724748,38.64158460239711,84.79883552739793
Walla Walla,2026-05-01,56.0,61.424916469681975,medium,48.16915532733201,74.68067761203194,38.34629100718156,84.50354193218239
Walla Walla,2026-06-01,57.0,63.82689564300704,medium,50.571134500657074,77.08265678535702,40.74827018050663,86.90552110550746
Walla Walla,2026-07-01,83.0,64.31764629810112,medium,51.061885155751156,77.57340744045109,41.23902083560071,87.39627176060154
Whatcom,2025-08-01,518.0,566.5388310755171,high,457.2466647192772,675.830997431757,261.6139446620956,871.4637174889386
Whatcom,2025-09-01,529.0,559.6275981396385,high,450.3354317833986,668.9197644958784,254.702711726217,864.55248455306
Whatcom,2025-10-01,489.0,551.6148895122113,high,442.3227231559714,660.9070558684513,246.69000309878982,856.5397759256329
Whatcom,2025-11-01,397.0,526.4538568091049,high,417.16169045286495,635.7460231653448,221.52897039568336,831.3787432225264
Whatcom,2025-12-01,449.0,532.8674848120196,high,423.57531845577967,642.1596511682595,227.94259839859808,837.7923712254411
Whatcom,2026-01-01,448.0,532.678508737956,high,423.3863423817161,641.9706750941959,227.7536223245345,837.6033951513775
Whatcom,2026-02-01,420.0,512.4550297208178,high,403.1628633645779,621.7471960770578,207.53014330739632,817.3799161342394
Whatcom,2026-03-01,540.0,553.5793656432129,high,444.28719928697296,662.8715319994528,248.65447922979138,858.5042520566344
Whatcom,2026-04-01,553.0,564.3870428706797,high,455.09487651443976,673.6792092269196,259.4621564572582,869.3119292841012
Whatcom,2026-05-01,578.0,589.3166337837773,high,480.0244674275374,698.6088001400173,284.3917473703558,894.2415201971988
Whatcom,2026-06-01,580.0,616.2899531429379,high,506.99778678669793,725.5821194991778,311.36506672951634,921.2148395563594
Whatcom,2026-07-01,625.0,624.94033238489,high,515.64816602865,734.2324987411299,320.01544597146847,929.8652187983115
Whitman,2025-08-01,28.0,43.891524905346074,low,39.236646725166196,48.54640308552595,35.554764239321,52.228285571371146
Whitman,2025-09-01,37.0,47.0460625848474,low,42.39118440466752,51.700940765027276,38.709301918822334,55.38282325087246
Whitman,2025-10-01,40.0,43.780380005591944,low,39.125501825412066,48.43525818577182,35.44361933956688,52.11714067161701
Whitman,2025-11-01,25.0,42.81629575992975,low,38.16141757974987,47.47117394010963,34.47953509390469,51.153056425954816
Whitman,2025-12-01,36.0,39.01330774433309,low,34.35842956415321,43.66818592451297,30.676547078308023,47.35006841035816
Whitman,2026-01-01,35.0,36.75696854560183,low,32.10209036542195,41.41184672578171,28.42020787957676,45.09372921162689
Whitman,2026-02-01,30.0,37.42759199588709,low,32.77271381570721,42.08247017606697,29.090831329862024,45.764352661912156
Whitman,2026-03-01,40.0,45.250474656549976,low,40.5955964763701,49.905352836729854,36.91371399052491,53.58723532257504
Whitman,2026-04-01,48.0,45.64935853974011,low,40.994480359560235,50.30423671991999,37.31259787371505,53.98611920576518
Whitman,2026-05-01,49.0,49.72000274802011,low,45.06512456784023,54.374880928199985,41.383242081995036,58.05676341404518
Whitman,2026-06-01,42.0,49.4884436326519,low,44.83356545247202,54.14332181283178,41.151682966626836,57.825204298676965
Whitman,2026-07-01,51.0,48.97607490058134,low,44.32119672040146,53.630953080761216,40.63931423455627,57.31283556660641
Yakima,2025-08-01,145.0,147.17747125883358,medium,133.9217101164836,160.43323240118355,124.09884579633317,170.256096721334
Yakima,2025-09-01,144.0,150.38394800403842,medium,137.12818686168845,163.63970914638838,127.305322541538,173.46257346653883
Yakima,2025-10-01,150.0,149.2581942446375,medium,136.00243310228754,162.51395538698748,126.1795687821371,172.33681970713792
Yakima,2025-11-01,108.0,136.250525378931,medium,122.99476423658103,149.50628652128097,113.17189991643059,159.3291508414314
Yakima,2025-12-01,120.0,130.10386273970155,medium,116.84810159735159,143.35962388205152,107.02523727720114,153.18248820220197
Yakima,2026-01-01,131.0,133.79812427124037,medium,120.5423631288904,147.05388541359034,110.71949880873996,156.87674973374078
Yakima,2026-02-01,109.0,135.05435679010694,medium,121.79859564775697,148.3101179324569,111.97573132760652,158.13298225260735
Yakima,2026-03-01,172.0,147.64625043096578,medium,134.3904892886158,160.90201157331575,124.56762496846537,170.7248758934662
Yakima,2026-04-01,178.0,167.0292095800067,medium,153.77344843765673,180.28497072235666,143.95058411750628,190.1078350425071
Yakima,2026-05-01,178.0,168.32266290597792,medium,155.06690176362795,181.5784240483279,145.2440374434775,191.40128836847833
Yakima,2026-06-01,184.0,174.34781279245365,medium,161.09205165010368,187.60357393480362,151.26918732995324,197.42643825495406
Yakima,2026-07-01,188.0,177.06151688889673,medium,163.80575574654677,190.3172780312467,153.98289142639632,200.14014235139715
